{
	"Version": 3,
	"Meta": {
		"Duration": 9.73,
		"Fps": 30.0,
		"FadeInTime": 1.0,
		"FadeOutTime": 1.0,
		"Loop": true,
		"AreBeziersRestricted": true,
		"CurveCount": 32,
		"TotalSegmentCount": 127,
		"TotalPointCount": 349,
		"UserDataCount": 0,
		"TotalUserDataSize": 0
	},
	"Curves": [
		{
			"Target": "Parameter",
			"Id": "PARAM_ANGLE_X",
			"Segments": [
				0,
				0,
				1,
				0.378,
				0,
				0.756,
				-0.93,
				1.133,
				-2,
				1,
				2.144,
				-4.863,
				3.156,
				-6.503,
				4.167,
				-10,
				1,
				4.678,
				-11.768,
				5.189,
				-17,
				5.7,
				-17,
				1,
				6.178,
				-17,
				6.656,
				-0.529,
				7.133,
				2,
				1,
				7.589,
				4.411,
				8.044,
				4,
				8.5,
				4,
				1,
				8.9,
				4,
				9.3,
				0,
				9.7,
				0,
				0,
				9.733,
				0
			]
		},
		{
			"Target": "Parameter",
			"Id": "PARAM_ANGLE_Y",
			"Segments": [
				0,
				0,
				1,
				0.378,
				0,
				0.756,
				-6.147,
				1.133,
				-8,
				1,
				2.144,
				-12.959,
				3.156,
				-14,
				4.167,
				-14,
				1,
				4.678,
				-14,
				5.189,
				-9.942,
				5.7,
				0,
				1,
				6.178,
				9.294,
				6.656,
				15,
				7.133,
				15,
				1,
				7.589,
				15,
				8.044,
				2.473,
				8.5,
				1,
				1,
				8.9,
				-0.294,
				9.3,
				0,
				9.7,
				0,
				0,
				9.733,
				0
			]
		},
		{
			"Target": "Parameter",
			"Id": "PARAM_ANGLE_Z",
			"Segments": [
				0,
				0,
				1,
				0.378,
				0,
				0.756,
				-9,
				1.133,
				-9,
				1,
				2.656,
				-9,
				4.178,
				-7.886,
				5.7,
				-3,
				1,
				6.178,
				-1.466,
				6.656,
				5,
				7.133,
				5,
				1,
				7.989,
				5,
				8.844,
				0,
				9.7,
				0,
				0,
				9.733,
				0
			]
		},
		{
			"Target": "Parameter",
			"Id": "PARAM_EYE_L_OPEN",
			"Segments": [
				0,
				1,
				1,
				0.211,
				1,
				0.422,
				0.871,
				0.633,
				0.75,
				1,
				0.822,
				0.641,
				1.011,
				0.528,
				1.2,
				0.5,
				1,
				1.467,
				0.461,
				1.733,
				0.46,
				2,
				0.46,
				1,
				2.267,
				0.46,
				2.533,
				0.61,
				2.8,
				0.61,
				1,
				3.3,
				0.61,
				3.8,
				0.573,
				4.3,
				0.46,
				1,
				4.367,
				0.445,
				4.433,
				0,
				4.5,
				0,
				1,
				5.767,
				0,
				7.033,
				0,
				8.3,
				0,
				1,
				8.367,
				0,
				8.433,
				0.594,
				8.5,
				0.64,
				1,
				8.9,
				0.916,
				9.3,
				1,
				9.7,
				1,
				0,
				9.733,
				1
			]
		},
		{
			"Target": "Parameter",
			"Id": "PARAM_EYE_R_OPEN",
			"Segments": [
				0,
				1,
				1,
				0.211,
				1,
				0.422,
				0.871,
				0.633,
				0.75,
				1,
				0.822,
				0.641,
				1.011,
				0.528,
				1.2,
				0.5,
				1,
				1.467,
				0.461,
				1.733,
				0.46,
				2,
				0.46,
				1,
				2.267,
				0.46,
				2.533,
				0.62,
				2.8,
				0.62,
				1,
				3.3,
				0.62,
				3.8,
				0.58,
				4.3,
				0.46,
				1,
				4.367,
				0.444,
				4.433,
				0,
				4.5,
				0,
				1,
				5.767,
				0,
				7.033,
				0,
				8.3,
				0,
				1,
				8.367,
				0,
				8.433,
				0.583,
				8.5,
				0.63,
				1,
				8.9,
				0.913,
				9.3,
				1,
				9.7,
				1,
				0,
				9.733,
				1
			]
		},
		{
			"Target": "Parameter",
			"Id": "PARAM_EYE_BALL_X",
			"Segments": [
				0,
				0,
				1,
				3.233,
				0,
				6.467,
				0,
				9.7,
				0,
				0,
				9.733,
				0
			]
		},
		{
			"Target": "Parameter",
			"Id": "PARAM_EYE_BALL_Y",
			"Segments": [
				0,
				0,
				1,
				3.233,
				0,
				6.467,
				0,
				9.7,
				0,
				0,
				9.733,
				0
			]
		},
		{
			"Target": "Parameter",
			"Id": "PARAM_EYE_FORM",
			"Segments": [
				0,
				0,
				1,
				3.233,
				0,
				6.467,
				0,
				9.7,
				0,
				0,
				9.733,
				0
			]
		},
		{
			"Target": "Parameter",
			"Id": "PARAM_MOUTH_FORM",
			"Segments": [
				0,
				1,
				1,
				1.867,
				1,
				3.733,
				1.06,
				5.6,
				1.06,
				1,
				5.678,
				1.06,
				5.756,
				0,
				5.833,
				0,
				1,
				5.911,
				0,
				5.989,
				0.005,
				6.067,
				0.45,
				1,
				6.156,
				0.958,
				6.244,
				1.78,
				6.333,
				1.78,
				1,
				6.389,
				1.78,
				6.444,
				0.57,
				6.5,
				0.57,
				1,
				6.622,
				0.57,
				6.744,
				1.06,
				6.867,
				1.06,
				1,
				7.811,
				1.06,
				8.756,
				1,
				9.7,
				1,
				0,
				9.733,
				1
			]
		},
		{
			"Target": "Parameter",
			"Id": "PARAM_MOUTH_OPEN_Y",
			"Segments": [
				0,
				0,
				1,
				1.867,
				0,
				3.733,
				0,
				5.6,
				0,
				1,
				5.678,
				0,
				5.756,
				0.34,
				5.833,
				0.34,
				1,
				5.911,
				0.34,
				5.989,
				0.32,
				6.067,
				0.32,
				1,
				6.156,
				0.32,
				6.244,
				0.63,
				6.333,
				0.63,
				1,
				6.511,
				0.63,
				6.689,
				0,
				6.867,
				0,
				1,
				7.811,
				0,
				8.756,
				0,
				9.7,
				0,
				0,
				9.733,
				0
			]
		},
		{
			"Target": "Parameter",
			"Id": "PARAM_TONGUE",
			"Segments": [
				0,
				0,
				1,
				1.867,
				0,
				3.733,
				0,
				5.6,
				0,
				1,
				5.678,
				0,
				5.756,
				0.229,
				5.833,
				0.51,
				1,
				5.911,
				0.791,
				5.989,
				0.87,
				6.067,
				0.87,
				1,
				6.156,
				0.87,
				6.244,
				0.872,
				6.333,
				0.7,
				1,
				6.511,
				0.355,
				6.689,
				0,
				6.867,
				0,
				1,
				7.811,
				0,
				8.756,
				0,
				9.7,
				0,
				0,
				9.733,
				0
			]
		},
		{
			"Target": "Parameter",
			"Id": "PARAM_EAR_R",
			"Segments": [
				0,
				0,
				1,
				1.089,
				0,
				2.178,
				1,
				3.267,
				1,
				1,
				3.322,
				1,
				3.378,
				-1,
				3.433,
				-1,
				1,
				3.489,
				-1,
				3.544,
				1,
				3.6,
				1,
				1,
				5.633,
				1,
				7.667,
				0,
				9.7,
				0,
				0,
				9.733,
				0
			]
		},
		{
			"Target": "Parameter",
			"Id": "PARAM_EAR_R_MOVE",
			"Segments": [
				0,
				0,
				1,
				3.233,
				0,
				6.467,
				0,
				9.7,
				0,
				0,
				9.733,
				0
			]
		},
		{
			"Target": "Parameter",
			"Id": "PARAM_EAR_L",
			"Segments": [
				0,
				0,
				1,
				3.233,
				0,
				6.467,
				0,
				9.7,
				0,
				0,
				9.733,
				0
			]
		},
		{
			"Target": "Parameter",
			"Id": "PARAM_BODY_ANGLE_X",
			"Segments": [
				0,
				0,
				1,
				0.378,
				0,
				0.756,
				0,
				1.133,
				0,
				1,
				3.989,
				0,
				6.844,
				0,
				9.7,
				0,
				0,
				9.733,
				0
			]
		},
		{
			"Target": "Parameter",
			"Id": "PARAM_BODY_ANGLE_Y",
			"Segments": [
				0,
				0,
				1,
				3.233,
				0,
				6.467,
				0,
				9.7,
				0,
				0,
				9.733,
				0
			]
		},
		{
			"Target": "Parameter",
			"Id": "PARAM_BIG_FACE",
			"Segments": [
				0,
				0,
				1,
				3.233,
				0,
				6.467,
				0,
				9.7,
				0,
				0,
				9.733,
				0
			]
		},
		{
			"Target": "Parameter",
			"Id": "PARAM_BODY",
			"Segments": [
				0,
				1,
				1,
				3.233,
				1,
				6.467,
				1,
				9.7,
				1,
				0,
				9.733,
				1
			]
		},
		{
			"Target": "Parameter",
			"Id": "PARAM_BREATH",
			"Segments": [
				0,
				0,
				1,
				0.256,
				0,
				0.511,
				1,
				0.767,
				1,
				1,
				1.011,
				1,
				1.256,
				0,
				1.5,
				0,
				1,
				1.8,
				0,
				2.1,
				1,
				2.4,
				1,
				1,
				2.667,
				1,
				2.933,
				0,
				3.2,
				0,
				1,
				3.5,
				0,
				3.8,
				1,
				4.1,
				1,
				1,
				4.356,
				1,
				4.611,
				0,
				4.867,
				0,
				1,
				5.167,
				0,
				5.467,
				1,
				5.767,
				1,
				1,
				6.033,
				1,
				6.3,
				0,
				6.567,
				0,
				1,
				6.867,
				0,
				7.167,
				1,
				7.467,
				1,
				1,
				7.722,
				1,
				7.978,
				0,
				8.233,
				0,
				1,
				8.478,
				0,
				8.722,
				1,
				8.967,
				1,
				1,
				9.211,
				1,
				9.456,
				0,
				9.7,
				0,
				0,
				9.733,
				0
			]
		},
		{
			"Target": "Parameter",
			"Id": "PARAM_BLOW_R",
			"Segments": [
				0,
				0,
				1,
				3.233,
				0,
				6.467,
				0,
				9.7,
				0,
				0,
				9.733,
				0
			]
		},
		{
			"Target": "Parameter",
			"Id": "PARAM_BLOW_L",
			"Segments": [
				0,
				0,
				1,
				3.233,
				0,
				6.467,
				0,
				9.7,
				0,
				0,
				9.733,
				0
			]
		},
		{
			"Target": "Parameter",
			"Id": "PARAM_TAIL",
			"Segments": [
				0,
				0,
				1,
				0.222,
				0,
				0.444,
				0,
				0.667,
				0,
				1,
				0.811,
				0,
				0.956,
				0.154,
				1.1,
				0.24,
				1,
				1.133,
				0.26,
				1.167,
				0.25,
				1.2,
				0.25,
				1,
				1.322,
				0.25,
				1.444,
				0,
				1.567,
				0,
				1,
				1.678,
				0,
				1.789,
				0.194,
				1.9,
				0.24,
				1,
				1.944,
				0.259,
				1.989,
				0.25,
				2.033,
				0.25,
				1,
				2.156,
				0.25,
				2.278,
				0,
				2.4,
				0,
				1,
				4.833,
				0,
				7.267,
				0,
				9.7,
				0,
				0,
				9.733,
				0
			]
		},
		{
			"Target": "Parameter",
			"Id": "PARAM_TAIL_ANGRY",
			"Segments": [
				0,
				0,
				1,
				3.233,
				0,
				6.467,
				0,
				9.7,
				0,
				0,
				9.733,
				0
			]
		},
		{
			"Target": "Parameter",
			"Id": "PARAM_MUSTACHE_FRONT_R",
			"Segments": [
				0,
				0,
				1,
				3.233,
				0,
				6.467,
				0,
				9.7,
				0,
				0,
				9.733,
				0
			]
		},
		{
			"Target": "Parameter",
			"Id": "PARAM_MUSTACHE_FRONT_L",
			"Segments": [
				0,
				0,
				1,
				3.233,
				0,
				6.467,
				0,
				9.7,
				0,
				0,
				9.733,
				0
			]
		},
		{
			"Target": "Parameter",
			"Id": "PARAM_HAND_R",
			"Segments": [
				0,
				0,
				1,
				3.233,
				0,
				6.467,
				0,
				9.7,
				0,
				0,
				9.733,
				0
			]
		},
		{
			"Target": "Parameter",
			"Id": "PARAM_HAND_L",
			"Segments": [
				0,
				0,
				1,
				3.233,
				0,
				6.467,
				0,
				9.7,
				0,
				0,
				9.733,
				0
			]
		},
		{
			"Target": "Parameter",
			"Id": "PARAM_ARM_L",
			"Segments": [
				0,
				0,
				1,
				3.233,
				0,
				6.467,
				0,
				9.7,
				0,
				0,
				9.733,
				0
			]
		},
		{
			"Target": "PartOpacity",
			"Id": "PARTS_01_ARM_R",
			"Segments": [
				0,
				0,
				0,
				9.73,
				0
			]
		},
		{
			"Target": "PartOpacity",
			"Id": "PARTS_01_ARM_L",
			"Segments": [
				0,
				0,
				0,
				9.73,
				0
			]
		},
		{
			"Target": "PartOpacity",
			"Id": "PARTS_01_ARM_R_02",
			"Segments": [
				0,
				1,
				0,
				9.73,
				1
			]
		},
		{
			"Target": "PartOpacity",
			"Id": "PARTS_01_ARM_L_02",
			"Segments": [
				0,
				1,
				0,
				9.73,
				1
			]
		}
	]
}