{
	"Version": 3,
	"Meta": {
		"Duration": 6.3,
		"Fps": 30.0,
		"FadeInTime": 1.0,
		"FadeOutTime": 1.0,
		"Loop": true,
		"AreBeziersRestricted": true,
		"CurveCount": 34,
		"TotalSegmentCount": 224,
		"TotalPointCount": 638,
		"UserDataCount": 0,
		"TotalUserDataSize": 0
	},
	"Curves": [
		{
			"Target": "Parameter",
			"Id": "PARAM_ANGLE_X",
			"Segments": [
				0,
				0,
				1,
				0.189,
				0,
				0.378,
				-13,
				0.567,
				-13,
				1,
				0.711,
				-13,
				0.856,
				-2,
				1,
				-2,
				1,
				1.311,
				-2,
				1.622,
				-2,
				1.933,
				-2,
				1,
				2.156,
				-2,
				2.378,
				-3,
				2.6,
				-3,
				1,
				2.789,
				-3,
				2.978,
				0,
				3.167,
				0,
				1,
				3.267,
				0,
				3.367,
				-2.896,
				3.467,
				-3,
				1,
				4.189,
				-3.754,
				4.911,
				-4,
				5.633,
				-4,
				1,
				5.844,
				-4,
				6.056,
				0,
				6.267,
				0,
				0,
				6.3,
				0
			]
		},
		{
			"Target": "Parameter",
			"Id": "PARAM_ANGLE_Y",
			"Segments": [
				0,
				0,
				1,
				0.189,
				0,
				0.378,
				-30,
				0.567,
				-30,
				1,
				0.711,
				-30,
				0.856,
				-30,
				1,
				-30,
				1,
				1.311,
				-30,
				1.622,
				-30,
				1.933,
				-30,
				1,
				2.156,
				-30,
				2.378,
				-14,
				2.6,
				-14,
				1,
				2.789,
				-14,
				2.978,
				-30,
				3.167,
				-30,
				1,
				3.267,
				-30,
				3.367,
				-30,
				3.467,
				-30,
				1,
				4.189,
				-30,
				4.911,
				-30,
				5.633,
				-30,
				1,
				5.844,
				-30,
				6.056,
				0,
				6.267,
				0,
				0,
				6.3,
				0
			]
		},
		{
			"Target": "Parameter",
			"Id": "PARAM_ANGLE_Z",
			"Segments": [
				0,
				0,
				1,
				0.189,
				0,
				0.378,
				-0.795,
				0.567,
				-4,
				1,
				0.633,
				-5.131,
				0.7,
				-9.574,
				0.767,
				-13.24,
				1,
				0.844,
				-17.518,
				0.922,
				-21,
				1,
				-21,
				1,
				1.311,
				-21,
				1.622,
				-21,
				1.933,
				-21,
				1,
				2.156,
				-21,
				2.378,
				-20.399,
				2.6,
				-13,
				1,
				2.789,
				-6.711,
				2.978,
				7,
				3.167,
				7,
				1,
				3.789,
				7,
				4.411,
				-21,
				5.033,
				-21,
				1,
				5.444,
				-21,
				5.856,
				0,
				6.267,
				0,
				0,
				6.3,
				0
			]
		},
		{
			"Target": "Parameter",
			"Id": "PARAM_EYE_L_OPEN",
			"Segments": [
				0,
				1,
				1,
				0.089,
				1,
				0.178,
				1,
				0.267,
				1,
				1,
				0.367,
				1,
				0.467,
				0,
				0.567,
				0,
				1,
				2.244,
				0,
				3.922,
				0,
				5.6,
				0,
				1,
				5.822,
				0,
				6.044,
				1,
				6.267,
				1,
				0,
				6.3,
				1
			]
		},
		{
			"Target": "Parameter",
			"Id": "PARAM_EYE_R_OPEN",
			"Segments": [
				0,
				1,
				1,
				0.089,
				1,
				0.178,
				1,
				0.267,
				1,
				1,
				0.367,
				1,
				0.467,
				0,
				0.567,
				0,
				1,
				2.244,
				0,
				3.922,
				0,
				5.6,
				0,
				1,
				5.822,
				0,
				6.044,
				1,
				6.267,
				1,
				0,
				6.3,
				1
			]
		},
		{
			"Target": "Parameter",
			"Id": "PARAM_EYE_BALL_X",
			"Segments": [
				0,
				0,
				1,
				2.089,
				0,
				4.178,
				0,
				6.267,
				0,
				0,
				6.3,
				0
			]
		},
		{
			"Target": "Parameter",
			"Id": "PARAM_EYE_BALL_Y",
			"Segments": [
				0,
				0,
				1,
				2.089,
				0,
				4.178,
				0,
				6.267,
				0,
				0,
				6.3,
				0
			]
		},
		{
			"Target": "Parameter",
			"Id": "PARAM_EYE_FORM",
			"Segments": [
				0,
				0,
				1,
				0.189,
				0,
				0.378,
				0,
				0.567,
				0,
				1,
				2.467,
				0,
				4.367,
				0,
				6.267,
				0,
				0,
				6.3,
				0
			]
		},
		{
			"Target": "Parameter",
			"Id": "PARAM_MOUTH_FORM",
			"Segments": [
				0,
				1,
				1,
				0.622,
				1,
				1.244,
				2,
				1.867,
				2,
				1,
				1.956,
				2,
				2.044,
				0,
				2.133,
				0,
				1,
				2.289,
				0,
				2.444,
				2,
				2.6,
				2,
				1,
				2.689,
				2,
				2.778,
				0,
				2.867,
				0,
				1,
				3.033,
				0,
				3.2,
				2,
				3.367,
				2,
				1,
				3.456,
				2,
				3.544,
				0,
				3.633,
				0,
				1,
				3.789,
				0,
				3.944,
				2,
				4.1,
				2,
				1,
				4.189,
				2,
				4.278,
				0,
				4.367,
				0,
				1,
				4.533,
				0,
				4.7,
				0.202,
				4.867,
				1,
				1,
				4.922,
				1.266,
				4.978,
				2,
				5.033,
				2,
				1,
				5.122,
				2,
				5.211,
				0,
				5.3,
				0,
				1,
				5.467,
				0,
				5.633,
				1,
				5.8,
				1,
				1,
				5.956,
				1,
				6.111,
				1,
				6.267,
				1,
				0,
				6.3,
				1
			]
		},
		{
			"Target": "Parameter",
			"Id": "PARAM_MOUTH_OPEN_Y",
			"Segments": [
				0,
				0,
				1,
				0.622,
				0,
				1.244,
				0,
				1.867,
				0,
				1,
				1.956,
				0,
				2.044,
				0.75,
				2.133,
				0.75,
				1,
				2.289,
				0.75,
				2.444,
				0,
				2.6,
				0,
				1,
				2.689,
				0,
				2.778,
				0.75,
				2.867,
				0.75,
				1,
				3.033,
				0.75,
				3.2,
				0,
				3.367,
				0,
				1,
				3.456,
				0,
				3.544,
				0.75,
				3.633,
				0.75,
				1,
				3.789,
				0.75,
				3.944,
				0,
				4.1,
				0,
				1,
				4.189,
				0,
				4.278,
				0.75,
				4.367,
				0.75,
				1,
				4.533,
				0.75,
				4.7,
				0,
				4.867,
				0,
				1,
				4.922,
				0,
				4.978,
				0,
				5.033,
				0,
				1,
				5.122,
				0,
				5.211,
				0.75,
				5.3,
				0.75,
				1,
				5.467,
				0.75,
				5.633,
				0,
				5.8,
				0,
				1,
				5.956,
				0,
				6.111,
				0,
				6.267,
				0,
				0,
				6.3,
				0
			]
		},
		{
			"Target": "Parameter",
			"Id": "PARAM_TONGUE",
			"Segments": [
				0,
				0,
				1,
				0.622,
				0,
				1.244,
				0,
				1.867,
				0,
				1,
				1.956,
				0,
				2.044,
				1,
				2.133,
				1,
				1,
				2.2,
				1,
				2.267,
				1.029,
				2.333,
				0.86,
				1,
				2.422,
				0.635,
				2.511,
				0,
				2.6,
				0,
				1,
				2.689,
				0,
				2.778,
				1,
				2.867,
				1,
				1,
				2.944,
				1,
				3.022,
				1.025,
				3.1,
				0.86,
				1,
				3.189,
				0.672,
				3.278,
				0,
				3.367,
				0,
				1,
				3.456,
				0,
				3.544,
				1,
				3.633,
				1,
				1,
				3.7,
				1,
				3.767,
				1.029,
				3.833,
				0.86,
				1,
				3.922,
				0.635,
				4.011,
				0,
				4.1,
				0,
				1,
				4.189,
				0,
				4.278,
				1,
				4.367,
				1,
				1,
				4.444,
				1,
				4.522,
				0.997,
				4.6,
				0.86,
				1,
				4.689,
				0.704,
				4.778,
				0.203,
				4.867,
				0.07,
				1,
				4.922,
				-0.013,
				4.978,
				0,
				5.033,
				0,
				1,
				5.122,
				0,
				5.211,
				1,
				5.3,
				1,
				1,
				5.378,
				1,
				5.456,
				0.997,
				5.533,
				0.86,
				1,
				5.622,
				0.704,
				5.711,
				0.11,
				5.8,
				0.07,
				1,
				5.956,
				0.001,
				6.111,
				0,
				6.267,
				0,
				0,
				6.3,
				0
			]
		},
		{
			"Target": "Parameter",
			"Id": "PARAM_EAR_R",
			"Segments": [
				0,
				0,
				1,
				2.089,
				0,
				4.178,
				0,
				6.267,
				0,
				0,
				6.3,
				0
			]
		},
		{
			"Target": "Parameter",
			"Id": "PARAM_EAR_R_MOVE",
			"Segments": [
				0,
				0,
				1,
				0.244,
				0,
				0.489,
				-0.105,
				0.733,
				-0.5,
				1,
				0.8,
				-0.608,
				0.867,
				-1,
				0.933,
				-1,
				1,
				0.989,
				-1,
				1.044,
				0,
				1.1,
				0,
				1,
				1.256,
				0,
				1.411,
				-1,
				1.567,
				-1,
				1,
				1.633,
				-1,
				1.7,
				0,
				1.767,
				0,
				1,
				1.822,
				0,
				1.878,
				0,
				1.933,
				0,
				1,
				1.989,
				0,
				2.044,
				-1,
				2.1,
				-1,
				1,
				2.178,
				-1,
				2.256,
				0,
				2.333,
				0,
				1,
				3.644,
				0,
				4.956,
				0,
				6.267,
				0,
				0,
				6.3,
				0
			]
		},
		{
			"Target": "Parameter",
			"Id": "PARAM_EAR_L",
			"Segments": [
				0,
				0,
				1,
				2.089,
				0,
				4.178,
				0,
				6.267,
				0,
				0,
				6.3,
				0
			]
		},
		{
			"Target": "Parameter",
			"Id": "PARAM_BODY_ANGLE_X",
			"Segments": [
				0,
				0,
				1,
				0.189,
				0,
				0.378,
				-8,
				0.567,
				-8,
				1,
				0.711,
				-8,
				0.856,
				-6,
				1,
				-6,
				1,
				1.211,
				-6,
				1.422,
				-6,
				1.633,
				-6,
				1,
				1.744,
				-6,
				1.856,
				-8,
				1.967,
				-8,
				1,
				2.178,
				-8,
				2.389,
				-3.901,
				2.6,
				-3,
				1,
				3.189,
				-0.486,
				3.778,
				0,
				4.367,
				0,
				1,
				4.5,
				0,
				4.633,
				-3,
				4.767,
				-3,
				1,
				5.056,
				-3,
				5.344,
				0,
				5.633,
				0,
				1,
				5.844,
				0,
				6.056,
				0,
				6.267,
				0,
				0,
				6.3,
				0
			]
		},
		{
			"Target": "Parameter",
			"Id": "PARAM_BODY_ANGLE_Y",
			"Segments": [
				0,
				0,
				1,
				0.189,
				0,
				0.378,
				-22.715,
				0.567,
				-26,
				1,
				0.711,
				-28.512,
				0.856,
				-28,
				1,
				-28,
				1,
				1.211,
				-28,
				1.422,
				-28,
				1.633,
				-28,
				1,
				1.744,
				-28,
				1.856,
				-28.398,
				1.967,
				-26,
				1,
				2.178,
				-21.443,
				2.389,
				-13,
				2.6,
				-13,
				1,
				2.856,
				-13,
				3.111,
				-17.197,
				3.367,
				-19,
				1,
				3.7,
				-21.352,
				4.033,
				-21.834,
				4.367,
				-24,
				1,
				4.5,
				-24.866,
				4.633,
				-30,
				4.767,
				-30,
				1,
				5.056,
				-30,
				5.344,
				0,
				5.633,
				0,
				1,
				5.844,
				0,
				6.056,
				0,
				6.267,
				0,
				0,
				6.3,
				0
			]
		},
		{
			"Target": "Parameter",
			"Id": "PARAM_BIG_FACE",
			"Segments": [
				0,
				0,
				1,
				1.056,
				0,
				2.111,
				0,
				3.167,
				0,
				1,
				4.2,
				0,
				5.233,
				0,
				6.267,
				0,
				0,
				6.3,
				0
			]
		},
		{
			"Target": "Parameter",
			"Id": "PARAM_BODY",
			"Segments": [
				0,
				1,
				1,
				0.189,
				1,
				0.378,
				0,
				0.567,
				0,
				1,
				1.433,
				0,
				2.3,
				0,
				3.167,
				0,
				1,
				4.2,
				0,
				5.233,
				1,
				6.267,
				1,
				0,
				6.3,
				1
			]
		},
		{
			"Target": "Parameter",
			"Id": "PARAM_BREATH",
			"Segments": [
				0,
				0,
				1,
				0.167,
				0,
				0.333,
				1,
				0.5,
				1,
				1,
				0.689,
				1,
				0.878,
				0,
				1.067,
				0,
				1,
				1.244,
				0,
				1.422,
				1,
				1.6,
				1,
				1,
				1.767,
				1,
				1.933,
				0,
				2.1,
				0,
				1,
				2.3,
				0,
				2.5,
				1,
				2.7,
				1,
				1,
				2.889,
				1,
				3.078,
				0,
				3.267,
				0,
				1,
				3.489,
				0,
				3.711,
				1,
				3.933,
				1,
				1,
				4.133,
				1,
				4.333,
				0,
				4.533,
				0,
				1,
				4.744,
				0,
				4.956,
				1,
				5.167,
				1,
				1,
				5.356,
				1,
				5.544,
				0,
				5.733,
				0,
				1,
				5.911,
				0,
				6.089,
				0,
				6.267,
				0,
				0,
				6.3,
				0
			]
		},
		{
			"Target": "Parameter",
			"Id": "PARAM_BLOW_R",
			"Segments": [
				0,
				0,
				1,
				0.211,
				0,
				0.422,
				0,
				0.633,
				0,
				1,
				0.689,
				0,
				0.744,
				-1,
				0.8,
				-1,
				1,
				0.944,
				-1,
				1.089,
				0,
				1.233,
				0,
				1,
				1.356,
				0,
				1.478,
				-1,
				1.6,
				-1,
				1,
				1.722,
				-1,
				1.844,
				0,
				1.967,
				0,
				1,
				2.067,
				0,
				2.167,
				-1,
				2.267,
				-1,
				1,
				2.322,
				-1,
				2.378,
				1,
				2.433,
				1,
				1,
				2.5,
				1,
				2.567,
				-0.45,
				2.633,
				-0.45,
				1,
				2.711,
				-0.45,
				2.789,
				0,
				2.867,
				0,
				1,
				4,
				0,
				5.133,
				0,
				6.267,
				0,
				0,
				6.3,
				0
			]
		},
		{
			"Target": "Parameter",
			"Id": "PARAM_BLOW_L",
			"Segments": [
				0,
				0,
				1,
				2.089,
				0,
				4.178,
				0,
				6.267,
				0,
				0,
				6.3,
				0
			]
		},
		{
			"Target": "Parameter",
			"Id": "PARAM_TAIL",
			"Segments": [
				0,
				0,
				1,
				0.567,
				0,
				1.133,
				0,
				1.7,
				0,
				1,
				1.789,
				0,
				1.878,
				0.206,
				1.967,
				0.24,
				1,
				2.011,
				0.257,
				2.056,
				0.25,
				2.1,
				0.25,
				1,
				2.2,
				0.25,
				2.3,
				0,
				2.4,
				0,
				1,
				3.178,
				0,
				3.956,
				0,
				4.733,
				0,
				1,
				4.822,
				0,
				4.911,
				0.206,
				5,
				0.24,
				1,
				5.044,
				0.257,
				5.089,
				0.25,
				5.133,
				0.25,
				1,
				5.233,
				0.25,
				5.333,
				0,
				5.433,
				0,
				1,
				5.711,
				0,
				5.989,
				0,
				6.267,
				0,
				0,
				6.3,
				0
			]
		},
		{
			"Target": "Parameter",
			"Id": "PARAM_MUSTACHE_FRONT_R",
			"Segments": [
				0,
				0,
				1,
				2.089,
				0,
				4.178,
				0,
				6.267,
				0,
				0,
				6.3,
				0
			]
		},
		{
			"Target": "Parameter",
			"Id": "PARAM_MUSTACHE_FRONT_L",
			"Segments": [
				0,
				0,
				1,
				0.711,
				0,
				1.422,
				0,
				2.133,
				0,
				1,
				2.189,
				0,
				2.244,
				-1,
				2.3,
				-1,
				1,
				2.389,
				-1,
				2.478,
				-0.625,
				2.567,
				0,
				1,
				2.667,
				0.703,
				2.767,
				1,
				2.867,
				1,
				1,
				2.967,
				1,
				3.067,
				-1,
				3.167,
				-1,
				1,
				3.289,
				-1,
				3.411,
				0,
				3.533,
				0,
				1,
				3.611,
				0,
				3.689,
				-1,
				3.767,
				-1,
				1,
				3.867,
				-1,
				3.967,
				-0.667,
				4.067,
				0,
				1,
				4.167,
				0.667,
				4.267,
				1,
				4.367,
				1,
				1,
				4.478,
				1,
				4.589,
				0.798,
				4.7,
				0,
				1,
				4.756,
				-0.399,
				4.811,
				-1,
				4.867,
				-1,
				1,
				4.956,
				-1,
				5.044,
				1,
				5.133,
				1,
				1,
				5.2,
				1,
				5.267,
				-0.39,
				5.333,
				-0.39,
				1,
				5.389,
				-0.39,
				5.444,
				0,
				5.5,
				0,
				1,
				5.756,
				0,
				6.011,
				0,
				6.267,
				0,
				0,
				6.3,
				0
			]
		},
		{
			"Target": "Parameter",
			"Id": "PARAM_HAND_R",
			"Segments": [
				0,
				0,
				1,
				2.089,
				0,
				4.178,
				0,
				6.267,
				0,
				0,
				6.3,
				0
			]
		},
		{
			"Target": "Parameter",
			"Id": "PARAM_HAND_L",
			"Segments": [
				0,
				0,
				1,
				2.089,
				0,
				4.178,
				0,
				6.267,
				0,
				0,
				6.3,
				0
			]
		},
		{
			"Target": "Parameter",
			"Id": "PARAM_ARM_L",
			"Segments": [
				0,
				0,
				1,
				2.089,
				0,
				4.178,
				0,
				6.267,
				0,
				0,
				6.3,
				0
			]
		},
		{
			"Target": "Parameter",
			"Id": "PARAM_HAND_L_MOVE",
			"Segments": [
				0,
				0,
				1,
				2.089,
				0,
				4.178,
				0,
				6.267,
				0,
				0,
				6.3,
				0
			]
		},
		{
			"Target": "Parameter",
			"Id": "PARAM_ARM_R_MOVE",
			"Segments": [
				0,
				0,
				1,
				0.222,
				0,
				0.444,
				-2.5,
				0.667,
				-2.5,
				1,
				0.778,
				-2.5,
				0.889,
				-2.5,
				1,
				-2.5,
				1,
				1.322,
				-2.5,
				1.644,
				-2.5,
				1.967,
				-2.5,
				1,
				2.133,
				-2.5,
				2.3,
				-2.15,
				2.467,
				-2.15,
				1,
				2.611,
				-2.15,
				2.756,
				-2.5,
				2.9,
				-2.5,
				1,
				3.067,
				-2.5,
				3.233,
				-2,
				3.4,
				-2,
				1,
				3.511,
				-2,
				3.622,
				-2.5,
				3.733,
				-2.5,
				1,
				3.844,
				-2.5,
				3.956,
				-2,
				4.067,
				-2,
				1,
				4.167,
				-2,
				4.267,
				-2.5,
				4.367,
				-2.5,
				1,
				4.489,
				-2.5,
				4.611,
				-2.418,
				4.733,
				-2,
				1,
				5.089,
				-0.783,
				5.444,
				0,
				5.8,
				0,
				1,
				5.956,
				0,
				6.111,
				0,
				6.267,
				0,
				0,
				6.3,
				0
			]
		},
		{
			"Target": "Parameter",
			"Id": "ARM_R_MOVE_02",
			"Segments": [
				0,
				0,
				1,
				0.222,
				0,
				0.444,
				0,
				0.667,
				0,
				1,
				0.778,
				0,
				0.889,
				1,
				1,
				1,
				1,
				1.122,
				1,
				1.244,
				0.06,
				1.367,
				0.06,
				1,
				1.456,
				0.06,
				1.544,
				1,
				1.633,
				1,
				1,
				1.744,
				1,
				1.856,
				0,
				1.967,
				0,
				1,
				2.133,
				0,
				2.3,
				1,
				2.467,
				1,
				1,
				2.778,
				1,
				3.089,
				1,
				3.4,
				1,
				1,
				3.511,
				1,
				3.622,
				1,
				3.733,
				1,
				1,
				3.844,
				1,
				3.956,
				1,
				4.067,
				1,
				1,
				4.289,
				1,
				4.511,
				1,
				4.733,
				1,
				1,
				5.089,
				1,
				5.444,
				0,
				5.8,
				0,
				1,
				5.956,
				0,
				6.111,
				0,
				6.267,
				0,
				0,
				6.3,
				0
			]
		},
		{
			"Target": "PartOpacity",
			"Id": "PARTS_01_ARM_R",
			"Segments": [
				0,
				0,
				0,
				6.3,
				0
			]
		},
		{
			"Target": "PartOpacity",
			"Id": "PARTS_01_ARM_L",
			"Segments": [
				0,
				0,
				0,
				6.3,
				0
			]
		},
		{
			"Target": "PartOpacity",
			"Id": "PARTS_01_ARM_R_02",
			"Segments": [
				0,
				1,
				0,
				6.3,
				1
			]
		},
		{
			"Target": "PartOpacity",
			"Id": "PARTS_01_ARM_L_02",
			"Segments": [
				0,
				1,
				0,
				6.3,
				1
			]
		}
	]
}