{
	"Version": 3,
	"Meta": {
		"Duration": 2.6,
		"Fps": 30.0,
		"FadeInTime": 1.0,
		"FadeOutTime": 1.0,
		"Loop": true,
		"AreBeziersRestricted": true,
		"CurveCount": 33,
		"TotalSegmentCount": 113,
		"TotalPointCount": 306,
		"UserDataCount": 0,
		"TotalUserDataSize": 0
	},
	"Curves": [
		{
			"Target": "Parameter",
			"Id": "PARAM_ANGLE_X",
			"Segments": [
				0,
				0,
				1,
				0.167,
				0,
				0.333,
				13,
				0.5,
				13,
				1,
				0.7,
				13,
				0.9,
				13.146,
				1.1,
				9,
				1,
				1.267,
				5.545,
				1.433,
				-18,
				1.6,
				-18,
				1,
				1.778,
				-18,
				1.956,
				-15.54,
				2.133,
				-9,
				1,
				2.278,
				-3.686,
				2.422,
				0,
				2.567,
				0,
				0,
				2.6,
				0
			]
		},
		{
			"Target": "Parameter",
			"Id": "PARAM_ANGLE_Y",
			"Segments": [
				0,
				0,
				1,
				0.167,
				0,
				0.333,
				14.165,
				0.5,
				21,
				1,
				0.7,
				29.202,
				0.9,
				30,
				1.1,
				30,
				1,
				1.267,
				30,
				1.433,
				30,
				1.6,
				30,
				1,
				1.778,
				30,
				1.956,
				9.518,
				2.133,
				4,
				1,
				2.278,
				-0.483,
				2.422,
				0,
				2.567,
				0,
				0,
				2.6,
				0
			]
		},
		{
			"Target": "Parameter",
			"Id": "PARAM_ANGLE_Z",
			"Segments": [
				0,
				0,
				1,
				0.167,
				0,
				0.333,
				-10.384,
				0.5,
				-12,
				1,
				0.867,
				-15.555,
				1.233,
				-16,
				1.6,
				-16,
				1,
				1.922,
				-16,
				2.244,
				0,
				2.567,
				0,
				0,
				2.6,
				0
			]
		},
		{
			"Target": "Parameter",
			"Id": "PARAM_EYE_L_OPEN",
			"Segments": [
				0,
				1,
				1,
				0.856,
				1,
				1.711,
				1,
				2.567,
				1,
				0,
				2.6,
				1
			]
		},
		{
			"Target": "Parameter",
			"Id": "PARAM_EYE_R_OPEN",
			"Segments": [
				0,
				1,
				1,
				0.856,
				1,
				1.711,
				1,
				2.567,
				1,
				0,
				2.6,
				1
			]
		},
		{
			"Target": "Parameter",
			"Id": "PARAM_EYE_BALL_X",
			"Segments": [
				0,
				0,
				1,
				0.189,
				0,
				0.378,
				1,
				0.567,
				1,
				1,
				0.744,
				1,
				0.922,
				0.577,
				1.1,
				0.14,
				1,
				1.433,
				-0.679,
				1.767,
				-0.95,
				2.1,
				-0.95,
				1,
				2.256,
				-0.95,
				2.411,
				0,
				2.567,
				0,
				0,
				2.6,
				0
			]
		},
		{
			"Target": "Parameter",
			"Id": "PARAM_EYE_BALL_Y",
			"Segments": [
				0,
				0,
				1,
				0.189,
				0,
				0.378,
				1,
				0.567,
				1,
				1,
				0.744,
				1,
				0.922,
				1,
				1.1,
				1,
				1,
				1.433,
				1,
				1.767,
				1,
				2.1,
				1,
				1,
				2.256,
				1,
				2.411,
				0,
				2.567,
				0,
				0,
				2.6,
				0
			]
		},
		{
			"Target": "Parameter",
			"Id": "PARAM_EYE_FORM",
			"Segments": [
				0,
				0,
				1,
				0.189,
				0,
				0.378,
				-0.5,
				0.567,
				-0.5,
				1,
				1.078,
				-0.5,
				1.589,
				-0.5,
				2.1,
				-0.5,
				1,
				2.256,
				-0.5,
				2.411,
				0,
				2.567,
				0,
				0,
				2.6,
				0
			]
		},
		{
			"Target": "Parameter",
			"Id": "PARAM_MOUTH_FORM",
			"Segments": [
				0,
				0,
				1,
				0.367,
				0,
				0.733,
				1.06,
				1.1,
				1.06,
				1,
				1.144,
				1.06,
				1.189,
				0,
				1.233,
				0,
				1,
				1.289,
				0,
				1.344,
				0.014,
				1.4,
				0.45,
				1,
				1.467,
				0.974,
				1.533,
				1.73,
				1.6,
				1.73,
				1,
				1.922,
				1.73,
				2.244,
				0,
				2.567,
				0,
				0,
				2.6,
				0
			]
		},
		{
			"Target": "Parameter",
			"Id": "PARAM_MOUTH_OPEN_Y",
			"Segments": [
				0,
				0,
				1,
				0.367,
				0,
				0.733,
				0,
				1.1,
				0,
				1,
				1.144,
				0,
				1.189,
				0.34,
				1.233,
				0.34,
				1,
				1.289,
				0.34,
				1.344,
				0.347,
				1.4,
				0.32,
				1,
				1.467,
				0.288,
				1.533,
				0,
				1.6,
				0,
				1,
				1.922,
				0,
				2.244,
				0,
				2.567,
				0,
				0,
				2.6,
				0
			]
		},
		{
			"Target": "Parameter",
			"Id": "PARAM_TONGUE",
			"Segments": [
				0,
				0,
				1,
				0.367,
				0,
				0.733,
				0,
				1.1,
				0,
				1,
				1.144,
				0,
				1.189,
				0.448,
				1.233,
				0.51,
				1,
				1.289,
				0.587,
				1.344,
				0.58,
				1.4,
				0.58,
				1,
				1.467,
				0.58,
				1.533,
				0,
				1.6,
				0,
				1,
				1.922,
				0,
				2.244,
				0,
				2.567,
				0,
				0,
				2.6,
				0
			]
		},
		{
			"Target": "Parameter",
			"Id": "PARAM_EAR_R",
			"Segments": [
				0,
				1,
				1,
				0.667,
				1,
				1.333,
				1,
				2,
				1,
				1,
				2.033,
				1,
				2.067,
				-1,
				2.1,
				-1,
				1,
				2.156,
				-1,
				2.211,
				1,
				2.267,
				1,
				1,
				2.3,
				1,
				2.333,
				-1,
				2.367,
				-1,
				1,
				2.4,
				-1,
				2.433,
				1,
				2.467,
				1,
				1,
				2.5,
				1,
				2.533,
				1,
				2.567,
				1,
				0,
				2.6,
				1
			]
		},
		{
			"Target": "Parameter",
			"Id": "PARAM_EAR_R_MOVE",
			"Segments": [
				0,
				0,
				1,
				0.856,
				0,
				1.711,
				0,
				2.567,
				0,
				0,
				2.6,
				0
			]
		},
		{
			"Target": "Parameter",
			"Id": "PARAM_EAR_L",
			"Segments": [
				0,
				1,
				1,
				0.856,
				1,
				1.711,
				1,
				2.567,
				1,
				0,
				2.6,
				1
			]
		},
		{
			"Target": "Parameter",
			"Id": "PARAM_BODY_ANGLE_X",
			"Segments": [
				0,
				0,
				1,
				0.533,
				0,
				1.067,
				-4,
				1.6,
				-4,
				1,
				1.922,
				-4,
				2.244,
				0,
				2.567,
				0,
				0,
				2.6,
				0
			]
		},
		{
			"Target": "Parameter",
			"Id": "PARAM_BODY_ANGLE_Y",
			"Segments": [
				0,
				0,
				1,
				0.156,
				0,
				0.311,
				13.487,
				0.467,
				20,
				1,
				0.678,
				28.839,
				0.889,
				30,
				1.1,
				30,
				1,
				1.267,
				30,
				1.433,
				25.796,
				1.6,
				19,
				1,
				1.922,
				5.862,
				2.244,
				0,
				2.567,
				0,
				0,
				2.6,
				0
			]
		},
		{
			"Target": "Parameter",
			"Id": "PARAM_BIG_FACE",
			"Segments": [
				0,
				0,
				1,
				0.856,
				0,
				1.711,
				0,
				2.567,
				0,
				0,
				2.6,
				0
			]
		},
		{
			"Target": "Parameter",
			"Id": "PARAM_BODY",
			"Segments": [
				0,
				1,
				1,
				0.167,
				1,
				0.333,
				1,
				0.5,
				1,
				1,
				1.189,
				1,
				1.878,
				1,
				2.567,
				1,
				0,
				2.6,
				1
			]
		},
		{
			"Target": "Parameter",
			"Id": "PARAM_BREATH",
			"Segments": [
				0,
				0,
				1,
				0.156,
				0,
				0.311,
				1,
				0.467,
				1,
				1,
				0.633,
				1,
				0.8,
				0,
				0.967,
				0,
				1,
				1.156,
				0,
				1.344,
				1,
				1.533,
				1,
				1,
				1.711,
				1,
				1.889,
				0,
				2.067,
				0,
				1,
				2.233,
				0,
				2.4,
				0,
				2.567,
				0,
				0,
				2.6,
				0
			]
		},
		{
			"Target": "Parameter",
			"Id": "PARAM_BLOW_R",
			"Segments": [
				0,
				0,
				1,
				0.856,
				0,
				1.711,
				0,
				2.567,
				0,
				0,
				2.6,
				0
			]
		},
		{
			"Target": "Parameter",
			"Id": "PARAM_BLOW_L",
			"Segments": [
				0,
				0,
				1,
				0.856,
				0,
				1.711,
				0,
				2.567,
				0,
				0,
				2.6,
				0
			]
		},
		{
			"Target": "Parameter",
			"Id": "PARAM_TAIL",
			"Segments": [
				0,
				0,
				1,
				0.267,
				0,
				0.533,
				0,
				0.8,
				0,
				1,
				0.922,
				0,
				1.044,
				0.167,
				1.167,
				0.24,
				1,
				1.2,
				0.26,
				1.233,
				0.25,
				1.267,
				0.25,
				1,
				1.378,
				0.25,
				1.489,
				0,
				1.6,
				0,
				1,
				1.7,
				0,
				1.8,
				0.2,
				1.9,
				0.24,
				1,
				1.944,
				0.258,
				1.989,
				0.25,
				2.033,
				0.25,
				1,
				2.144,
				0.25,
				2.256,
				0,
				2.367,
				0,
				1,
				2.433,
				0,
				2.5,
				0,
				2.567,
				0,
				0,
				2.6,
				0
			]
		},
		{
			"Target": "Parameter",
			"Id": "PARAM_TAIL_ANGRY",
			"Segments": [
				0,
				0,
				1,
				0.856,
				0,
				1.711,
				0,
				2.567,
				0,
				0,
				2.6,
				0
			]
		},
		{
			"Target": "Parameter",
			"Id": "PARAM_MUSTACHE_FRONT_R",
			"Segments": [
				0,
				0,
				1,
				0.856,
				0,
				1.711,
				0,
				2.567,
				0,
				0,
				2.6,
				0
			]
		},
		{
			"Target": "Parameter",
			"Id": "PARAM_MUSTACHE_FRONT_L",
			"Segments": [
				0,
				0,
				1,
				0.856,
				0,
				1.711,
				0,
				2.567,
				0,
				0,
				2.6,
				0
			]
		},
		{
			"Target": "Parameter",
			"Id": "PARAM_ARM_L",
			"Segments": [
				0,
				0,
				1,
				0.856,
				0,
				1.711,
				0,
				2.567,
				0,
				0,
				2.6,
				0
			]
		},
		{
			"Target": "Parameter",
			"Id": "PARAM_HAND_L_MOVE",
			"Segments": [
				0,
				0,
				1,
				0.856,
				0,
				1.711,
				0,
				2.567,
				0,
				0,
				2.6,
				0
			]
		},
		{
			"Target": "Parameter",
			"Id": "PARAM_ARM_R_MOVE",
			"Segments": [
				0,
				0,
				1,
				0.856,
				0,
				1.711,
				0,
				2.567,
				0,
				0,
				2.6,
				0
			]
		},
		{
			"Target": "Parameter",
			"Id": "ARM_R_MOVE_02",
			"Segments": [
				0,
				0,
				1,
				0.856,
				0,
				1.711,
				0,
				2.567,
				0,
				0,
				2.6,
				0
			]
		},
		{
			"Target": "PartOpacity",
			"Id": "PARTS_01_ARM_R",
			"Segments": [
				0,
				0,
				0,
				2.6,
				0
			]
		},
		{
			"Target": "PartOpacity",
			"Id": "PARTS_01_ARM_L",
			"Segments": [
				0,
				0,
				0,
				2.6,
				0
			]
		},
		{
			"Target": "PartOpacity",
			"Id": "PARTS_01_ARM_R_02",
			"Segments": [
				0,
				1,
				0,
				2.6,
				1
			]
		},
		{
			"Target": "PartOpacity",
			"Id": "PARTS_01_ARM_L_02",
			"Segments": [
				0,
				1,
				0,
				2.6,
				1
			]
		}
	]
}