﻿{"cameraMode":{"drawMode":0,"name":"Shaded","section":"Shading Mode"},"sceneLighting":true,"audioPlay":false,"sceneViewState":{"m_AlwaysRefresh":false,"showFog":true,"showSkybox":true,"showFlares":true,"showImageEffects":true,"showParticleSystems":true,"showVisualEffectGraphs":true,"m_FxEnabled":true},"in2DMode":false,"pivot":{"x":-0.1182231456041336,"y":-0.02111920714378357,"z":0.0},"rotation":{"x":0.07487640529870987,"y":0.2180686891078949,"z":-0.016782674938440324,"w":0.9729137420654297},"size":0.5768874883651733,"orthographic":false}