﻿{"cameraMode":{"drawMode":0,"name":"Shaded","section":"Shading Mode"},"sceneLighting":false,"audioPlay":false,"sceneViewState":{"m_AlwaysRefresh":false,"showFog":true,"showSkybox":false,"showFlares":true,"showImageEffects":true,"showParticleSystems":true,"showVisualEffectGraphs":true,"m_FxEnabled":true},"in2DMode":false,"pivot":{"x":-0.1182231605052948,"y":-0.02111920714378357,"z":-0.0002800000074785203},"rotation":{"x":0.10116154700517655,"y":0.31371432542800906,"z":-0.03363523632287979,"w":0.9435157775878906},"size":0.5768875479698181,"orthographic":false}