{
	"Version": 3,
	"Meta": {
		"Duration": 9.9,
		"Fps": 30.0,
		"FadeInTime": 1.0,
		"FadeOutTime": 1.0,
		"Loop": true,
		"AreBeziersRestricted": true,
		"CurveCount": 33,
		"TotalSegmentCount": 325,
		"TotalPointCount": 940,
		"UserDataCount": 0,
		"TotalUserDataSize": 0
	},
	"Curves": [
		{
			"Target": "Parameter",
			"Id": "PARAM_ANGLE_X",
			"Segments": [
				0,
				0,
				1,
				0.256,
				0,
				0.511,
				-5,
				0.767,
				-5,
				1,
				0.878,
				-5,
				0.989,
				0,
				1.1,
				0,
				1,
				1.211,
				0,
				1.322,
				-30,
				1.433,
				-30,
				1,
				1.544,
				-30,
				1.656,
				-28.036,
				1.767,
				-22,
				1,
				1.878,
				-15.964,
				1.989,
				-6.564,
				2.1,
				-1,
				1,
				2.211,
				4.564,
				2.322,
				6,
				2.433,
				6,
				1,
				2.544,
				6,
				2.656,
				-5,
				2.767,
				-5,
				1,
				2.878,
				-5,
				2.989,
				-4,
				3.1,
				-4,
				1,
				3.211,
				-4,
				3.322,
				-6,
				3.433,
				-6,
				1,
				3.556,
				-6,
				3.678,
				-6.082,
				3.8,
				-5,
				1,
				3.911,
				-4.016,
				4.022,
				4.081,
				4.133,
				6,
				1,
				4.244,
				7.919,
				4.356,
				8,
				4.467,
				8,
				1,
				4.578,
				8,
				4.689,
				5.493,
				4.8,
				1,
				1,
				4.911,
				-3.493,
				5.022,
				-5.851,
				5.133,
				-12,
				1,
				5.244,
				-18.149,
				5.356,
				-30,
				5.467,
				-30,
				1,
				5.578,
				-30,
				5.689,
				-30,
				5.8,
				-30,
				1,
				5.911,
				-30,
				6.022,
				-24.614,
				6.133,
				-21,
				1,
				6.244,
				-17.386,
				6.356,
				-16.113,
				6.467,
				-13,
				1,
				6.756,
				-4.907,
				7.044,
				0,
				7.333,
				0,
				1,
				7.489,
				0,
				7.644,
				0,
				7.8,
				0,
				1,
				7.922,
				0,
				8.044,
				0,
				8.167,
				0,
				1,
				8.278,
				0,
				8.389,
				3,
				8.5,
				3,
				1,
				8.578,
				3,
				8.656,
				0,
				8.733,
				0,
				1,
				9.111,
				0,
				9.489,
				0,
				9.867,
				0,
				0,
				9.9,
				0
			]
		},
		{
			"Target": "Parameter",
			"Id": "PARAM_ANGLE_Y",
			"Segments": [
				0,
				0,
				1,
				0.256,
				0,
				0.511,
				-30,
				0.767,
				-30,
				1,
				0.878,
				-30,
				0.989,
				8,
				1.1,
				8,
				1,
				1.211,
				8,
				1.322,
				-30,
				1.433,
				-30,
				1,
				1.544,
				-30,
				1.656,
				20,
				1.767,
				20,
				1,
				1.878,
				20,
				1.989,
				-30,
				2.1,
				-30,
				1,
				2.211,
				-30,
				2.322,
				-30,
				2.433,
				-30,
				1,
				2.544,
				-30,
				2.656,
				-30,
				2.767,
				-30,
				1,
				2.878,
				-30,
				2.989,
				-5,
				3.1,
				-5,
				1,
				3.211,
				-5,
				3.322,
				-30,
				3.433,
				-30,
				1,
				3.556,
				-30,
				3.678,
				-25,
				3.8,
				-25,
				1,
				3.911,
				-25,
				4.022,
				-30,
				4.133,
				-30,
				1,
				4.244,
				-30,
				4.356,
				-30,
				4.467,
				-30,
				1,
				4.578,
				-30,
				4.689,
				-30,
				4.8,
				-30,
				1,
				4.911,
				-30,
				5.022,
				-13,
				5.133,
				-13,
				1,
				5.244,
				-13,
				5.356,
				-30,
				5.467,
				-30,
				1,
				5.578,
				-30,
				5.689,
				0,
				5.8,
				0,
				1,
				5.911,
				0,
				6.022,
				-30,
				6.133,
				-30,
				1,
				6.244,
				-30,
				6.356,
				-5.337,
				6.467,
				-4,
				1,
				6.756,
				-0.523,
				7.044,
				0,
				7.333,
				0,
				1,
				7.489,
				0,
				7.644,
				0,
				7.8,
				0,
				1,
				7.922,
				0,
				8.044,
				9,
				8.167,
				9,
				1,
				8.278,
				9,
				8.389,
				-10,
				8.5,
				-10,
				1,
				8.578,
				-10,
				8.656,
				0,
				8.733,
				0,
				1,
				9.111,
				0,
				9.489,
				0,
				9.867,
				0,
				0,
				9.9,
				0
			]
		},
		{
			"Target": "Parameter",
			"Id": "PARAM_ANGLE_Z",
			"Segments": [
				0,
				0,
				1,
				0.256,
				0,
				0.511,
				-1.819,
				0.767,
				-9,
				1,
				0.878,
				-12.122,
				0.989,
				-25.893,
				1.1,
				-28,
				1,
				1.211,
				-30.107,
				1.322,
				-30,
				1.433,
				-30,
				1,
				1.544,
				-30,
				1.656,
				-9.261,
				1.767,
				-6,
				1,
				1.878,
				-2.739,
				1.989,
				-3.047,
				2.1,
				0,
				1,
				2.211,
				3.047,
				2.322,
				12,
				2.433,
				12,
				1,
				2.544,
				12,
				2.656,
				12.076,
				2.767,
				10,
				1,
				2.878,
				7.924,
				2.989,
				-4.129,
				3.1,
				-7,
				1,
				3.211,
				-9.871,
				3.322,
				-10,
				3.433,
				-10,
				1,
				3.556,
				-10,
				3.678,
				-9.951,
				3.8,
				-9,
				1,
				3.911,
				-8.135,
				4.022,
				-6.735,
				4.133,
				-4,
				1,
				4.244,
				-1.265,
				4.356,
				16,
				4.467,
				16,
				1,
				4.578,
				16,
				4.689,
				-7.736,
				4.8,
				-10,
				1,
				4.911,
				-12.264,
				5.022,
				-11.791,
				5.133,
				-14,
				1,
				5.244,
				-16.209,
				5.356,
				-30,
				5.467,
				-30,
				1,
				5.578,
				-30,
				5.689,
				-28.632,
				5.8,
				-25,
				1,
				5.911,
				-21.368,
				6.022,
				-19,
				6.133,
				-19,
				1,
				6.244,
				-19,
				6.356,
				-25,
				6.467,
				-25,
				1,
				6.756,
				-25,
				7.044,
				0,
				7.333,
				0,
				1,
				7.489,
				0,
				7.644,
				0,
				7.8,
				0,
				1,
				7.922,
				0,
				8.044,
				-5,
				8.167,
				-5,
				1,
				8.278,
				-5,
				8.389,
				0,
				8.5,
				0,
				1,
				8.578,
				0,
				8.656,
				0,
				8.733,
				0,
				1,
				9.111,
				0,
				9.489,
				0,
				9.867,
				0,
				0,
				9.9,
				0
			]
		},
		{
			"Target": "Parameter",
			"Id": "PARAM_EYE_L_OPEN",
			"Segments": [
				0,
				1,
				1,
				0.167,
				1,
				0.333,
				0.956,
				0.5,
				0.75,
				1,
				0.544,
				0.695,
				0.589,
				0,
				0.633,
				0,
				1,
				2.644,
				0,
				4.656,
				0,
				6.667,
				0,
				1,
				6.711,
				0,
				6.756,
				0.699,
				6.8,
				0.75,
				1,
				6.978,
				0.954,
				7.156,
				1,
				7.333,
				1,
				1,
				7.533,
				1,
				7.733,
				1,
				7.933,
				1,
				1,
				8.578,
				1,
				9.222,
				1,
				9.867,
				1,
				0,
				9.9,
				1
			]
		},
		{
			"Target": "Parameter",
			"Id": "PARAM_EYE_R_OPEN",
			"Segments": [
				0,
				1,
				1,
				0.167,
				1,
				0.333,
				0.956,
				0.5,
				0.75,
				1,
				0.544,
				0.695,
				0.589,
				0,
				0.633,
				0,
				1,
				2.644,
				0,
				4.656,
				0,
				6.667,
				0,
				1,
				6.711,
				0,
				6.756,
				0.699,
				6.8,
				0.75,
				1,
				6.978,
				0.954,
				7.156,
				1,
				7.333,
				1,
				1,
				7.533,
				1,
				7.733,
				1,
				7.933,
				1,
				1,
				8.578,
				1,
				9.222,
				1,
				9.867,
				1,
				0,
				9.9,
				1
			]
		},
		{
			"Target": "Parameter",
			"Id": "PARAM_EYE_BALL_X",
			"Segments": [
				0,
				0,
				1,
				0.211,
				0,
				0.422,
				0,
				0.633,
				0,
				1,
				3.711,
				0,
				6.789,
				0,
				9.867,
				0,
				0,
				9.9,
				0
			]
		},
		{
			"Target": "Parameter",
			"Id": "PARAM_EYE_BALL_Y",
			"Segments": [
				0,
				0,
				1,
				0.211,
				0,
				0.422,
				-1,
				0.633,
				-1,
				1,
				3.711,
				-1,
				6.789,
				0,
				9.867,
				0,
				0,
				9.9,
				0
			]
		},
		{
			"Target": "Parameter",
			"Id": "PARAM_EYE_FORM",
			"Segments": [
				0,
				0,
				1,
				0.211,
				0,
				0.422,
				-0.5,
				0.633,
				-0.5,
				1,
				3.711,
				-0.5,
				6.789,
				0,
				9.867,
				0,
				0,
				9.9,
				0
			]
		},
		{
			"Target": "Parameter",
			"Id": "PARAM_MOUTH_FORM",
			"Segments": [
				0,
				1,
				1,
				0.256,
				1,
				0.511,
				0,
				0.767,
				0,
				1,
				0.878,
				0,
				0.989,
				2,
				1.1,
				2,
				1,
				1.211,
				2,
				1.322,
				0,
				1.433,
				0,
				1,
				1.544,
				0,
				1.656,
				2,
				1.767,
				2,
				1,
				1.878,
				2,
				1.989,
				0,
				2.1,
				0,
				1,
				2.211,
				0,
				2.322,
				0,
				2.433,
				0,
				1,
				2.544,
				0,
				2.656,
				0,
				2.767,
				0,
				1,
				2.878,
				0,
				2.989,
				2,
				3.1,
				2,
				1,
				3.211,
				2,
				3.322,
				0,
				3.433,
				0,
				1,
				3.556,
				0,
				3.678,
				2,
				3.8,
				2,
				1,
				3.911,
				2,
				4.022,
				0,
				4.133,
				0,
				1,
				4.244,
				0,
				4.356,
				2,
				4.467,
				2,
				1,
				4.578,
				2,
				4.689,
				0,
				4.8,
				0,
				1,
				4.911,
				0,
				5.022,
				2,
				5.133,
				2,
				1,
				5.244,
				2,
				5.356,
				0,
				5.467,
				0,
				1,
				5.578,
				0,
				5.689,
				2,
				5.8,
				2,
				1,
				5.911,
				2,
				6.022,
				0,
				6.133,
				0,
				1,
				6.244,
				0,
				6.356,
				0.451,
				6.467,
				0.72,
				1,
				6.578,
				0.989,
				6.689,
				1,
				6.8,
				1,
				1,
				6.978,
				1,
				7.156,
				0,
				7.333,
				0,
				1,
				7.533,
				0,
				7.733,
				0.276,
				7.933,
				1.18,
				1,
				8,
				1.481,
				8.067,
				2,
				8.133,
				2,
				1,
				8.178,
				2,
				8.222,
				0,
				8.267,
				0,
				1,
				8.8,
				0,
				9.333,
				1,
				9.867,
				1,
				0,
				9.9,
				1
			]
		},
		{
			"Target": "Parameter",
			"Id": "PARAM_MOUTH_OPEN_Y",
			"Segments": [
				0,
				0,
				1,
				0.256,
				0,
				0.511,
				0.098,
				0.767,
				0.5,
				1,
				0.878,
				0.675,
				0.989,
				1,
				1.1,
				1,
				1,
				1.211,
				1,
				1.322,
				0,
				1.433,
				0,
				1,
				1.544,
				0,
				1.656,
				1,
				1.767,
				1,
				1,
				1.878,
				1,
				1.989,
				0,
				2.1,
				0,
				1,
				2.211,
				0,
				2.322,
				1,
				2.433,
				1,
				1,
				2.544,
				1,
				2.656,
				0,
				2.767,
				0,
				1,
				2.878,
				0,
				2.989,
				1,
				3.1,
				1,
				1,
				3.211,
				1,
				3.322,
				0,
				3.433,
				0,
				1,
				3.556,
				0,
				3.678,
				1,
				3.8,
				1,
				1,
				3.911,
				1,
				4.022,
				0,
				4.133,
				0,
				1,
				4.244,
				0,
				4.356,
				1,
				4.467,
				1,
				1,
				4.578,
				1,
				4.689,
				0,
				4.8,
				0,
				1,
				4.911,
				0,
				5.022,
				1,
				5.133,
				1,
				1,
				5.244,
				1,
				5.356,
				0,
				5.467,
				0,
				1,
				5.578,
				0,
				5.689,
				1,
				5.8,
				1,
				1,
				5.911,
				1,
				6.022,
				0,
				6.133,
				0,
				1,
				6.244,
				0,
				6.356,
				0.5,
				6.467,
				0.5,
				1,
				6.578,
				0.5,
				6.689,
				0,
				6.8,
				0,
				1,
				6.978,
				0,
				7.156,
				0,
				7.333,
				0,
				1,
				7.533,
				0,
				7.733,
				0.39,
				7.933,
				0.39,
				1,
				8.044,
				0.39,
				8.156,
				0,
				8.267,
				0,
				1,
				8.8,
				0,
				9.333,
				0,
				9.867,
				0,
				0,
				9.9,
				0
			]
		},
		{
			"Target": "Parameter",
			"Id": "PARAM_TONGUE",
			"Segments": [
				0,
				0,
				1,
				0.2,
				0,
				0.4,
				0,
				0.6,
				0,
				1,
				0.656,
				0,
				0.711,
				1,
				0.767,
				1,
				1,
				0.878,
				1,
				0.989,
				1,
				1.1,
				1,
				1,
				1.211,
				1,
				1.322,
				0.54,
				1.433,
				0.54,
				1,
				1.544,
				0.54,
				1.656,
				1,
				1.767,
				1,
				1,
				1.878,
				1,
				1.989,
				0.54,
				2.1,
				0.54,
				1,
				2.211,
				0.54,
				2.322,
				1,
				2.433,
				1,
				1,
				2.544,
				1,
				2.656,
				0.54,
				2.767,
				0.54,
				1,
				2.878,
				0.54,
				2.989,
				1,
				3.1,
				1,
				1,
				3.211,
				1,
				3.322,
				0.54,
				3.433,
				0.54,
				1,
				3.556,
				0.54,
				3.678,
				1,
				3.8,
				1,
				1,
				3.911,
				1,
				4.022,
				0.54,
				4.133,
				0.54,
				1,
				4.244,
				0.54,
				4.356,
				1,
				4.467,
				1,
				1,
				4.578,
				1,
				4.689,
				0.54,
				4.8,
				0.54,
				1,
				4.911,
				0.54,
				5.022,
				1,
				5.133,
				1,
				1,
				5.244,
				1,
				5.356,
				0.54,
				5.467,
				0.54,
				1,
				5.578,
				0.54,
				5.689,
				1,
				5.8,
				1,
				1,
				5.911,
				1,
				6.022,
				0.54,
				6.133,
				0.54,
				1,
				6.244,
				0.54,
				6.356,
				1,
				6.467,
				1,
				1,
				6.578,
				1,
				6.689,
				0,
				6.8,
				0,
				1,
				6.978,
				0,
				7.156,
				0,
				7.333,
				0,
				1,
				7.533,
				0,
				7.733,
				0.75,
				7.933,
				0.75,
				1,
				8.044,
				0.75,
				8.156,
				0,
				8.267,
				0,
				1,
				8.8,
				0,
				9.333,
				0,
				9.867,
				0,
				0,
				9.9,
				0
			]
		},
		{
			"Target": "Parameter",
			"Id": "PARAM_EAR_R",
			"Segments": [
				0,
				0,
				1,
				0.256,
				0,
				0.511,
				1,
				0.767,
				1,
				1,
				0.989,
				1,
				1.211,
				1,
				1.433,
				1,
				1,
				1.489,
				1,
				1.544,
				-1,
				1.6,
				-1,
				1,
				1.656,
				-1,
				1.711,
				1,
				1.767,
				1,
				1,
				1.878,
				1,
				1.989,
				1,
				2.1,
				1,
				1,
				2.322,
				1,
				2.544,
				1,
				2.767,
				1,
				1,
				2.989,
				1,
				3.211,
				1,
				3.433,
				1,
				1,
				3.667,
				1,
				3.9,
				-0.35,
				4.133,
				-0.35,
				1,
				4.356,
				-0.35,
				4.578,
				-0.35,
				4.8,
				-0.35,
				1,
				5.022,
				-0.35,
				5.244,
				1,
				5.467,
				1,
				1,
				5.689,
				1,
				5.911,
				1,
				6.133,
				1,
				1,
				6.533,
				1,
				6.933,
				0,
				7.333,
				0,
				1,
				8.178,
				0,
				9.022,
				0,
				9.867,
				0,
				0,
				9.9,
				0
			]
		},
		{
			"Target": "Parameter",
			"Id": "PARAM_EAR_R_MOVE",
			"Segments": [
				0,
				0,
				1,
				3.289,
				0,
				6.578,
				0,
				9.867,
				0,
				0,
				9.9,
				0
			]
		},
		{
			"Target": "Parameter",
			"Id": "PARAM_EAR_L",
			"Segments": [
				0,
				0,
				1,
				0.256,
				0,
				0.511,
				0,
				0.767,
				0,
				1,
				0.989,
				0,
				1.211,
				0,
				1.433,
				0,
				1,
				1.656,
				0,
				1.878,
				0,
				2.1,
				0,
				1,
				2.322,
				0,
				2.544,
				0,
				2.767,
				0,
				1,
				2.989,
				0,
				3.211,
				0,
				3.433,
				0,
				1,
				3.667,
				0,
				3.9,
				-0.35,
				4.133,
				-0.35,
				1,
				4.356,
				-0.35,
				4.578,
				-0.35,
				4.8,
				-0.35,
				1,
				5.022,
				-0.35,
				5.244,
				0,
				5.467,
				0,
				1,
				5.689,
				0,
				5.911,
				0,
				6.133,
				0,
				1,
				6.533,
				0,
				6.933,
				0,
				7.333,
				0,
				1,
				8.178,
				0,
				9.022,
				0,
				9.867,
				0,
				0,
				9.9,
				0
			]
		},
		{
			"Target": "Parameter",
			"Id": "PARAM_BODY_ANGLE_X",
			"Segments": [
				0,
				0,
				1,
				0.589,
				0,
				1.178,
				-1,
				1.767,
				-1,
				1,
				1.878,
				-1,
				1.989,
				-1,
				2.1,
				-1,
				1,
				2.211,
				-1,
				2.322,
				-0.763,
				2.433,
				1,
				1,
				2.544,
				2.763,
				2.656,
				5,
				2.767,
				5,
				1,
				2.989,
				5,
				3.211,
				1,
				3.433,
				1,
				1,
				3.667,
				1,
				3.9,
				6,
				4.133,
				6,
				1,
				4.244,
				6,
				4.356,
				4.63,
				4.467,
				4,
				1,
				4.689,
				2.74,
				4.911,
				2.379,
				5.133,
				1,
				1,
				5.244,
				0.31,
				5.356,
				-4,
				5.467,
				-4,
				1,
				6.933,
				-4,
				8.4,
				0,
				9.867,
				0,
				0,
				9.9,
				0
			]
		},
		{
			"Target": "Parameter",
			"Id": "PARAM_BODY_ANGLE_Y",
			"Segments": [
				0,
				0,
				1,
				0.256,
				0,
				0.511,
				-17.464,
				0.767,
				-24,
				1,
				0.878,
				-26.842,
				0.989,
				-26,
				1.1,
				-26,
				1,
				1.322,
				-26,
				1.544,
				-20,
				1.767,
				-20,
				1,
				1.878,
				-20,
				1.989,
				-26,
				2.1,
				-26,
				1,
				2.211,
				-26,
				2.322,
				-21,
				2.433,
				-21,
				1,
				2.544,
				-21,
				2.656,
				-30,
				2.767,
				-30,
				1,
				2.878,
				-30,
				2.989,
				-25,
				3.1,
				-25,
				1,
				3.211,
				-25,
				3.322,
				-28,
				3.433,
				-28,
				1,
				3.556,
				-28,
				3.678,
				-23,
				3.8,
				-23,
				1,
				3.911,
				-23,
				4.022,
				-29,
				4.133,
				-29,
				1,
				4.244,
				-29,
				4.356,
				-23,
				4.467,
				-23,
				1,
				4.578,
				-23,
				4.689,
				-29,
				4.8,
				-29,
				1,
				4.911,
				-29,
				5.022,
				-19,
				5.133,
				-19,
				1,
				5.244,
				-19,
				5.356,
				-24.283,
				5.467,
				-26,
				1,
				5.689,
				-29.433,
				5.911,
				-30,
				6.133,
				-30,
				1,
				6.533,
				-30,
				6.933,
				0,
				7.333,
				0,
				1,
				8.178,
				0,
				9.022,
				0,
				9.867,
				0,
				0,
				9.9,
				0
			]
		},
		{
			"Target": "Parameter",
			"Id": "PARAM_BIG_FACE",
			"Segments": [
				0,
				0,
				1,
				0.256,
				0,
				0.511,
				0.79,
				0.767,
				0.79,
				1,
				0.989,
				0.79,
				1.211,
				0.79,
				1.433,
				0.79,
				1,
				1.656,
				0.79,
				1.878,
				0.79,
				2.1,
				0.79,
				1,
				2.322,
				0.79,
				2.544,
				0.79,
				2.767,
				0.79,
				1,
				2.989,
				0.79,
				3.211,
				0.79,
				3.433,
				0.79,
				1,
				3.667,
				0.79,
				3.9,
				0.79,
				4.133,
				0.79,
				1,
				4.356,
				0.79,
				4.578,
				0.79,
				4.8,
				0.79,
				1,
				5.022,
				0.79,
				5.244,
				0.79,
				5.467,
				0.79,
				1,
				5.689,
				0.79,
				5.911,
				0.79,
				6.133,
				0.79,
				1,
				6.533,
				0.79,
				6.933,
				0,
				7.333,
				0,
				1,
				8.178,
				0,
				9.022,
				0,
				9.867,
				0,
				0,
				9.9,
				0
			]
		},
		{
			"Target": "Parameter",
			"Id": "PARAM_BODY",
			"Segments": [
				0,
				1,
				1,
				3.289,
				1,
				6.578,
				1,
				9.867,
				1,
				0,
				9.9,
				1
			]
		},
		{
			"Target": "Parameter",
			"Id": "PARAM_BREATH",
			"Segments": [
				0,
				0,
				1,
				0.256,
				0,
				0.511,
				1,
				0.767,
				1,
				1,
				1.011,
				1,
				1.256,
				0,
				1.5,
				0,
				1,
				1.8,
				0,
				2.1,
				1,
				2.4,
				1,
				1,
				2.667,
				1,
				2.933,
				0,
				3.2,
				0,
				1,
				3.5,
				0,
				3.8,
				1,
				4.1,
				1,
				1,
				4.356,
				1,
				4.611,
				0,
				4.867,
				0,
				1,
				5.167,
				0,
				5.467,
				1,
				5.767,
				1,
				1,
				6.033,
				1,
				6.3,
				0,
				6.567,
				0,
				1,
				6.867,
				0,
				7.167,
				1,
				7.467,
				1,
				1,
				7.722,
				1,
				7.978,
				0,
				8.233,
				0,
				1,
				8.778,
				0,
				9.322,
				0,
				9.867,
				0,
				0,
				9.9,
				0
			]
		},
		{
			"Target": "Parameter",
			"Id": "PARAM_BLOW_R",
			"Segments": [
				0,
				0,
				1,
				3.289,
				0,
				6.578,
				0,
				9.867,
				0,
				0,
				9.9,
				0
			]
		},
		{
			"Target": "Parameter",
			"Id": "PARAM_BLOW_L",
			"Segments": [
				0,
				0,
				1,
				3.289,
				0,
				6.578,
				0,
				9.867,
				0,
				0,
				9.9,
				0
			]
		},
		{
			"Target": "Parameter",
			"Id": "PARAM_TAIL",
			"Segments": [
				0,
				0,
				1,
				0.322,
				0,
				0.644,
				0,
				0.967,
				0,
				1,
				1.067,
				0,
				1.167,
				0.182,
				1.267,
				0.24,
				1,
				1.3,
				0.259,
				1.333,
				0.25,
				1.367,
				0.25,
				1,
				1.489,
				0.25,
				1.611,
				0,
				1.733,
				0,
				1,
				1.844,
				0,
				1.956,
				0.194,
				2.067,
				0.24,
				1,
				2.111,
				0.259,
				2.156,
				0.25,
				2.2,
				0.25,
				1,
				2.322,
				0.25,
				2.444,
				0,
				2.567,
				0,
				1,
				5,
				0,
				7.433,
				0,
				9.867,
				0,
				0,
				9.9,
				0
			]
		},
		{
			"Target": "Parameter",
			"Id": "PARAM_TAIL_ANGRY",
			"Segments": [
				0,
				0,
				1,
				3.289,
				0,
				6.578,
				0,
				9.867,
				0,
				0,
				9.9,
				0
			]
		},
		{
			"Target": "Parameter",
			"Id": "PARAM_MUSTACHE_FRONT_R",
			"Segments": [
				0,
				0,
				1,
				3.289,
				0,
				6.578,
				0,
				9.867,
				0,
				0,
				9.9,
				0
			]
		},
		{
			"Target": "Parameter",
			"Id": "PARAM_MUSTACHE_FRONT_L",
			"Segments": [
				0,
				0,
				1,
				3.289,
				0,
				6.578,
				0,
				9.867,
				0,
				0,
				9.9,
				0
			]
		},
		{
			"Target": "Parameter",
			"Id": "PARAM_HAND_R",
			"Segments": [
				0,
				0,
				1,
				3.289,
				0,
				6.578,
				0,
				9.867,
				0,
				0,
				9.9,
				0
			]
		},
		{
			"Target": "Parameter",
			"Id": "PARAM_HAND_L",
			"Segments": [
				0,
				0,
				1,
				3.289,
				0,
				6.578,
				0,
				9.867,
				0,
				0,
				9.9,
				0
			]
		},
		{
			"Target": "Parameter",
			"Id": "PARAM_ARM_L",
			"Segments": [
				0,
				0,
				1,
				0.256,
				0,
				0.511,
				-2,
				0.767,
				-2,
				1,
				0.878,
				-2,
				0.989,
				-1.84,
				1.1,
				-1.84,
				1,
				1.211,
				-1.84,
				1.322,
				-2,
				1.433,
				-2,
				1,
				1.544,
				-2,
				1.656,
				-1.84,
				1.767,
				-1.84,
				1,
				1.878,
				-1.84,
				1.989,
				-2,
				2.1,
				-2,
				1,
				2.211,
				-2,
				2.322,
				-1.84,
				2.433,
				-1.84,
				1,
				2.544,
				-1.84,
				2.656,
				-2,
				2.767,
				-2,
				1,
				2.878,
				-2,
				2.989,
				-1.93,
				3.1,
				-1.93,
				1,
				3.211,
				-1.93,
				3.322,
				-2,
				3.433,
				-2,
				1,
				3.556,
				-2,
				3.678,
				-1.7,
				3.8,
				-1.7,
				1,
				3.911,
				-1.7,
				4.022,
				-2,
				4.133,
				-2,
				1,
				4.244,
				-2,
				4.356,
				-1.94,
				4.467,
				-1.94,
				1,
				4.578,
				-1.94,
				4.689,
				-2,
				4.8,
				-2,
				1,
				4.911,
				-2,
				5.022,
				-1.82,
				5.133,
				-1.82,
				1,
				5.244,
				-1.82,
				5.356,
				-2,
				5.467,
				-2,
				1,
				5.578,
				-2,
				5.689,
				-1.94,
				5.8,
				-1.94,
				1,
				5.911,
				-1.94,
				6.022,
				-2,
				6.133,
				-2,
				1,
				6.244,
				-2,
				6.356,
				-2.082,
				6.467,
				-1.84,
				1,
				6.756,
				-1.212,
				7.044,
				0,
				7.333,
				0,
				1,
				8.178,
				0,
				9.022,
				0,
				9.867,
				0,
				0,
				9.9,
				0
			]
		},
		{
			"Target": "Parameter",
			"Id": "PARAM_HAND_L_MOVE",
			"Segments": [
				0,
				0,
				0,
				0.767,
				0,
				1,
				0.878,
				0,
				0.989,
				1,
				1.1,
				1,
				1,
				1.211,
				1,
				1.322,
				0.667,
				1.433,
				0,
				1,
				1.544,
				-0.667,
				1.656,
				-1,
				1.767,
				-1,
				1,
				1.878,
				-1,
				1.989,
				-0.667,
				2.1,
				0,
				1,
				2.211,
				0.667,
				2.322,
				1,
				2.433,
				1,
				1,
				2.544,
				1,
				2.656,
				0.667,
				2.767,
				0,
				1,
				2.878,
				-0.667,
				2.989,
				-1,
				3.1,
				-1,
				1,
				3.211,
				-1,
				3.322,
				-0.667,
				3.433,
				0,
				1,
				3.544,
				0.667,
				3.656,
				1,
				3.767,
				1,
				1,
				3.878,
				1,
				3.989,
				0.667,
				4.1,
				0,
				1,
				4.211,
				-0.667,
				4.322,
				-1,
				4.433,
				-1,
				1,
				4.544,
				-1,
				4.656,
				-0.667,
				4.767,
				0,
				1,
				4.878,
				0.667,
				4.989,
				1,
				5.1,
				1,
				1,
				5.211,
				1,
				5.322,
				0.667,
				5.433,
				0,
				1,
				5.544,
				-0.667,
				5.656,
				-1,
				5.767,
				-1,
				1,
				5.878,
				-1,
				5.989,
				0,
				6.1,
				0,
				1,
				6.244,
				0,
				6.389,
				-1,
				6.533,
				-1,
				1,
				6.811,
				-1,
				7.089,
				0,
				7.367,
				0,
				0,
				9.9,
				0
			]
		},
		{
			"Target": "PartOpacity",
			"Id": "PARTS_01_ARM_R",
			"Segments": [
				0,
				0,
				0,
				9.9,
				0
			]
		},
		{
			"Target": "PartOpacity",
			"Id": "PARTS_01_ARM_L",
			"Segments": [
				0,
				0,
				0,
				9.9,
				0
			]
		},
		{
			"Target": "PartOpacity",
			"Id": "PARTS_01_ARM_R_02",
			"Segments": [
				0,
				1,
				0,
				9.9,
				1
			]
		},
		{
			"Target": "PartOpacity",
			"Id": "PARTS_01_ARM_L_02",
			"Segments": [
				0,
				1,
				0,
				9.9,
				1
			]
		}
	]
}