{
	"Version": 3,
	"Meta": {
		"Duration": 5.47,
		"Fps": 30.0,
		"FadeInTime": 1.0,
		"FadeOutTime": 1.0,
		"Loop": true,
		"AreBeziersRestricted": true,
		"CurveCount": 31,
		"TotalSegmentCount": 131,
		"TotalPointCount": 362,
		"UserDataCount": 0,
		"TotalUserDataSize": 0
	},
	"Curves": [
		{
			"Target": "Parameter",
			"Id": "PARAM_ANGLE_X",
			"Segments": [
				0,
				0,
				1,
				0.256,
				0,
				0.511,
				0,
				0.767,
				0,
				1,
				1.022,
				0,
				1.278,
				-4,
				1.533,
				-4,
				1,
				2.456,
				-4,
				3.378,
				0,
				4.3,
				0,
				1,
				4.678,
				0,
				5.056,
				0,
				5.433,
				0,
				0,
				5.467,
				0
			]
		},
		{
			"Target": "Parameter",
			"Id": "PARAM_ANGLE_Y",
			"Segments": [
				0,
				0,
				1,
				0.256,
				0,
				0.511,
				-8.459,
				0.767,
				-18,
				1,
				1.022,
				-27.541,
				1.278,
				-30,
				1.533,
				-30,
				1,
				2.456,
				-30,
				3.378,
				-28.022,
				4.3,
				-18,
				1,
				4.678,
				-13.894,
				5.056,
				0,
				5.433,
				0,
				0,
				5.467,
				0
			]
		},
		{
			"Target": "Parameter",
			"Id": "PARAM_ANGLE_Z",
			"Segments": [
				0,
				0,
				1,
				0.256,
				0,
				0.511,
				0,
				0.767,
				0,
				1,
				1.022,
				0,
				1.278,
				-15,
				1.533,
				-15,
				1,
				2.456,
				-15,
				3.378,
				0,
				4.3,
				0,
				1,
				4.678,
				0,
				5.056,
				0,
				5.433,
				0,
				0,
				5.467,
				0
			]
		},
		{
			"Target": "Parameter",
			"Id": "PARAM_EYE_L_OPEN",
			"Segments": [
				0,
				0.5,
				1,
				0.256,
				0.5,
				0.511,
				0.5,
				0.767,
				0.5,
				1,
				1.144,
				0.5,
				1.522,
				0.5,
				1.9,
				0.5,
				1,
				2.144,
				0.5,
				2.389,
				0.38,
				2.633,
				0.38,
				1,
				2.922,
				0.38,
				3.211,
				0.5,
				3.5,
				0.5,
				1,
				3.767,
				0.5,
				4.033,
				0.5,
				4.3,
				0.5,
				1,
				4.678,
				0.5,
				5.056,
				0.5,
				5.433,
				0.5,
				0,
				5.467,
				0.5
			]
		},
		{
			"Target": "Parameter",
			"Id": "PARAM_EYE_R_OPEN",
			"Segments": [
				0,
				0.5,
				1,
				0.256,
				0.5,
				0.511,
				0.5,
				0.767,
				0.5,
				1,
				0.789,
				0.5,
				0.811,
				0.5,
				0.833,
				0.5,
				1,
				1.189,
				0.5,
				1.544,
				0.5,
				1.9,
				0.5,
				1,
				2.144,
				0.5,
				2.389,
				0.38,
				2.633,
				0.38,
				1,
				2.922,
				0.38,
				3.211,
				0.5,
				3.5,
				0.5,
				1,
				3.767,
				0.5,
				4.033,
				0.5,
				4.3,
				0.5,
				1,
				4.678,
				0.5,
				5.056,
				0.5,
				5.433,
				0.5,
				0,
				5.467,
				0.5
			]
		},
		{
			"Target": "Parameter",
			"Id": "PARAM_EYE_BALL_X",
			"Segments": [
				0,
				0,
				1,
				0.211,
				0,
				0.422,
				0,
				0.633,
				0,
				1,
				1.7,
				0,
				2.767,
				0.1,
				3.833,
				0.1,
				1,
				4.1,
				0.1,
				4.367,
				0,
				4.633,
				0,
				1,
				4.9,
				0,
				5.167,
				0,
				5.433,
				0,
				0,
				5.467,
				0
			]
		},
		{
			"Target": "Parameter",
			"Id": "PARAM_EYE_BALL_Y",
			"Segments": [
				0,
				0,
				1,
				0.211,
				0,
				0.422,
				-1,
				0.633,
				-1,
				1,
				1.7,
				-1,
				2.767,
				-1,
				3.833,
				-1,
				1,
				4.1,
				-1,
				4.367,
				1,
				4.633,
				1,
				1,
				4.9,
				1,
				5.167,
				0,
				5.433,
				0,
				0,
				5.467,
				0
			]
		},
		{
			"Target": "Parameter",
			"Id": "PARAM_EYE_FORM",
			"Segments": [
				0,
				-1,
				1,
				0.256,
				-1,
				0.511,
				-1,
				0.767,
				-1,
				1,
				1.944,
				-1,
				3.122,
				-1,
				4.3,
				-1,
				1,
				4.678,
				-1,
				5.056,
				-1,
				5.433,
				-1,
				0,
				5.467,
				-1
			]
		},
		{
			"Target": "Parameter",
			"Id": "PARAM_MOUTH_FORM",
			"Segments": [
				0,
				1,
				1,
				1.811,
				1,
				3.622,
				1,
				5.433,
				1,
				0,
				5.467,
				1
			]
		},
		{
			"Target": "Parameter",
			"Id": "PARAM_MOUTH_OPEN_Y",
			"Segments": [
				0,
				0,
				1,
				1.811,
				0,
				3.622,
				0,
				5.433,
				0,
				0,
				5.467,
				0
			]
		},
		{
			"Target": "Parameter",
			"Id": "PARAM_TONGUE",
			"Segments": [
				0,
				0,
				1,
				1.811,
				0,
				3.622,
				0,
				5.433,
				0,
				0,
				5.467,
				0
			]
		},
		{
			"Target": "Parameter",
			"Id": "PARAM_EAR_R",
			"Segments": [
				0,
				0,
				1,
				1.811,
				0,
				3.622,
				0,
				5.433,
				0,
				0,
				5.467,
				0
			]
		},
		{
			"Target": "Parameter",
			"Id": "PARAM_EAR_R_MOVE",
			"Segments": [
				0,
				0,
				1,
				1.811,
				0,
				3.622,
				0,
				5.433,
				0,
				0,
				5.467,
				0
			]
		},
		{
			"Target": "Parameter",
			"Id": "PARAM_EAR_L",
			"Segments": [
				0,
				0,
				1,
				0.256,
				0,
				0.511,
				0,
				0.767,
				0,
				1,
				1.944,
				0,
				3.122,
				0,
				4.3,
				0,
				1,
				4.678,
				0,
				5.056,
				0,
				5.433,
				0,
				0,
				5.467,
				0
			]
		},
		{
			"Target": "Parameter",
			"Id": "PARAM_BODY_ANGLE_X",
			"Segments": [
				0,
				0,
				1,
				1.811,
				0,
				3.622,
				0,
				5.433,
				0,
				0,
				5.467,
				0
			]
		},
		{
			"Target": "Parameter",
			"Id": "PARAM_BODY_ANGLE_Y",
			"Segments": [
				0,
				0,
				1,
				0.256,
				0,
				0.511,
				-13.175,
				0.767,
				-14,
				1,
				1.778,
				-17.263,
				2.789,
				-18,
				3.8,
				-18,
				1,
				4.078,
				-18,
				4.356,
				0,
				4.633,
				0,
				1,
				4.9,
				0,
				5.167,
				0,
				5.433,
				0,
				0,
				5.467,
				0
			]
		},
		{
			"Target": "Parameter",
			"Id": "PARAM_BIG_FACE",
			"Segments": [
				0,
				0,
				1,
				0.256,
				0,
				0.511,
				0.259,
				0.767,
				0.33,
				1,
				1.556,
				0.549,
				2.344,
				0.6,
				3.133,
				0.6,
				1,
				3.9,
				0.6,
				4.667,
				0,
				5.433,
				0,
				0,
				5.467,
				0
			]
		},
		{
			"Target": "Parameter",
			"Id": "PARAM_BODY",
			"Segments": [
				0,
				1,
				1,
				1.811,
				1,
				3.622,
				1,
				5.433,
				1,
				0,
				5.467,
				1
			]
		},
		{
			"Target": "Parameter",
			"Id": "PARAM_BREATH",
			"Segments": [
				0,
				0,
				1,
				0.2,
				0,
				0.4,
				1,
				0.6,
				1,
				1,
				0.822,
				1,
				1.044,
				0,
				1.267,
				0,
				1,
				1.533,
				0,
				1.8,
				1,
				2.067,
				1,
				1,
				2.311,
				1,
				2.556,
				0,
				2.8,
				0,
				1,
				3.067,
				0,
				3.333,
				1,
				3.6,
				1,
				1,
				3.833,
				1,
				4.067,
				0,
				4.3,
				0,
				1,
				4.522,
				0,
				4.744,
				1,
				4.967,
				1,
				1,
				5.122,
				1,
				5.278,
				0,
				5.433,
				0,
				0,
				5.467,
				0
			]
		},
		{
			"Target": "Parameter",
			"Id": "PARAM_BLOW_R",
			"Segments": [
				0,
				0,
				1,
				1.811,
				0,
				3.622,
				0,
				5.433,
				0,
				0,
				5.467,
				0
			]
		},
		{
			"Target": "Parameter",
			"Id": "PARAM_BLOW_L",
			"Segments": [
				0,
				0,
				1,
				1.811,
				0,
				3.622,
				0,
				5.433,
				0,
				0,
				5.467,
				0
			]
		},
		{
			"Target": "Parameter",
			"Id": "PARAM_TAIL",
			"Segments": [
				0,
				0,
				1,
				0.744,
				0,
				1.489,
				0,
				2.233,
				0,
				1,
				2.344,
				0,
				2.456,
				0.174,
				2.567,
				0.24,
				1,
				2.6,
				0.26,
				2.633,
				0.25,
				2.667,
				0.25,
				1,
				2.778,
				0.25,
				2.889,
				0,
				3,
				0,
				1,
				3.1,
				0,
				3.2,
				0.2,
				3.3,
				0.24,
				1,
				3.344,
				0.258,
				3.389,
				0.25,
				3.433,
				0.25,
				1,
				3.544,
				0.25,
				3.656,
				0,
				3.767,
				0,
				1,
				4.322,
				0,
				4.878,
				0,
				5.433,
				0,
				0,
				5.467,
				0
			]
		},
		{
			"Target": "Parameter",
			"Id": "PARAM_TAIL_ANGRY",
			"Segments": [
				0,
				0,
				1,
				1.811,
				0,
				3.622,
				0,
				5.433,
				0,
				0,
				5.467,
				0
			]
		},
		{
			"Target": "Parameter",
			"Id": "PARAM_MUSTACHE_FRONT_R",
			"Segments": [
				0,
				0,
				1,
				1.811,
				0,
				3.622,
				0,
				5.433,
				0,
				0,
				5.467,
				0
			]
		},
		{
			"Target": "Parameter",
			"Id": "PARAM_MUSTACHE_FRONT_L",
			"Segments": [
				0,
				0,
				1,
				1.811,
				0,
				3.622,
				0,
				5.433,
				0,
				0,
				5.467,
				0
			]
		},
		{
			"Target": "Parameter",
			"Id": "PARAM_HAND_R",
			"Segments": [
				0,
				0,
				1,
				0.122,
				0,
				0.244,
				-1,
				0.367,
				-1,
				1,
				0.5,
				-1,
				0.633,
				0,
				0.767,
				0,
				1,
				0.889,
				0,
				1.011,
				-1,
				1.133,
				-1,
				1,
				1.3,
				-1,
				1.467,
				0,
				1.633,
				0,
				1,
				1.778,
				0,
				1.922,
				-1,
				2.067,
				-1,
				1,
				2.2,
				-1,
				2.333,
				0,
				2.467,
				0,
				1,
				2.6,
				0,
				2.733,
				-1,
				2.867,
				-1,
				1,
				3.022,
				-1,
				3.178,
				0,
				3.333,
				0,
				1,
				3.478,
				0,
				3.622,
				-1,
				3.767,
				-1,
				1,
				3.9,
				-1,
				4.033,
				0,
				4.167,
				0,
				1,
				4.3,
				0,
				4.433,
				-1,
				4.567,
				-1,
				1,
				4.678,
				-1,
				4.789,
				0,
				4.9,
				0,
				1,
				5.078,
				0,
				5.256,
				0,
				5.433,
				0,
				0,
				5.467,
				0
			]
		},
		{
			"Target": "Parameter",
			"Id": "PARAM_HAND_L",
			"Segments": [
				0,
				0,
				1,
				0.122,
				0,
				0.244,
				1,
				0.367,
				1,
				1,
				0.5,
				1,
				0.633,
				0,
				0.767,
				0,
				1,
				0.889,
				0,
				1.011,
				1,
				1.133,
				1,
				1,
				1.3,
				1,
				1.467,
				0,
				1.633,
				0,
				1,
				1.778,
				0,
				1.922,
				1,
				2.067,
				1,
				1,
				2.2,
				1,
				2.333,
				0,
				2.467,
				0,
				1,
				2.6,
				0,
				2.733,
				1,
				2.867,
				1,
				1,
				3.022,
				1,
				3.178,
				0,
				3.333,
				0,
				1,
				3.478,
				0,
				3.622,
				1,
				3.767,
				1,
				1,
				3.9,
				1,
				4.033,
				0,
				4.167,
				0,
				1,
				4.3,
				0,
				4.433,
				1,
				4.567,
				1,
				1,
				4.678,
				1,
				4.789,
				0,
				4.9,
				0,
				1,
				5.078,
				0,
				5.256,
				0,
				5.433,
				0,
				0,
				5.467,
				0
			]
		},
		{
			"Target": "PartOpacity",
			"Id": "PARTS_01_ARM_R",
			"Segments": [
				0,
				1,
				0,
				5.47,
				1
			]
		},
		{
			"Target": "PartOpacity",
			"Id": "PARTS_01_ARM_L",
			"Segments": [
				0,
				1,
				0,
				5.47,
				1
			]
		},
		{
			"Target": "PartOpacity",
			"Id": "PARTS_01_ARM_R_02",
			"Segments": [
				0,
				0,
				0,
				5.47,
				0
			]
		},
		{
			"Target": "PartOpacity",
			"Id": "PARTS_01_ARM_L_02",
			"Segments": [
				0,
				0,
				0,
				5.47,
				0
			]
		}
	]
}