{
	"Version": 3,
	"Meta": {
		"Duration": 2.8,
		"Fps": 30.0,
		"FadeInTime": 1.0,
		"FadeOutTime": 1.0,
		"Loop": true,
		"AreBeziersRestricted": true,
		"CurveCount": 33,
		"TotalSegmentCount": 125,
		"TotalPointCount": 342,
		"UserDataCount": 0,
		"TotalUserDataSize": 0
	},
	"Curves": [
		{
			"Target": "Parameter",
			"Id": "PARAM_ANGLE_X",
			"Segments": [
				0,
				0,
				1,
				0.133,
				0,
				0.267,
				-11.008,
				0.4,
				-14,
				1,
				0.556,
				-17.49,
				0.711,
				-17.791,
				0.867,
				-21,
				1,
				1.011,
				-23.979,
				1.156,
				-29,
				1.3,
				-29,
				1,
				1.378,
				-29,
				1.456,
				-22.659,
				1.533,
				-21,
				1,
				1.678,
				-17.919,
				1.822,
				-17.527,
				1.967,
				-14,
				1,
				2.233,
				-7.488,
				2.5,
				0,
				2.767,
				0,
				0,
				2.8,
				0
			]
		},
		{
			"Target": "Parameter",
			"Id": "PARAM_ANGLE_Y",
			"Segments": [
				0,
				0,
				1,
				0.133,
				0,
				0.267,
				-30,
				0.4,
				-30,
				1,
				0.556,
				-30,
				0.711,
				-10,
				0.867,
				-10,
				1,
				1.011,
				-10,
				1.156,
				-30,
				1.3,
				-30,
				1,
				1.378,
				-30,
				1.456,
				-23.063,
				1.533,
				-10,
				1,
				1.678,
				14.261,
				1.822,
				26,
				1.967,
				26,
				1,
				2.233,
				26,
				2.5,
				0,
				2.767,
				0,
				0,
				2.8,
				0
			]
		},
		{
			"Target": "Parameter",
			"Id": "PARAM_ANGLE_Z",
			"Segments": [
				0,
				0,
				1,
				0.133,
				0,
				0.267,
				-9,
				0.4,
				-9,
				1,
				0.556,
				-9,
				0.711,
				0,
				0.867,
				0,
				1,
				1.011,
				0,
				1.156,
				-26,
				1.3,
				-26,
				1,
				1.378,
				-26,
				1.456,
				-1.979,
				1.533,
				0,
				1,
				1.678,
				3.675,
				1.822,
				4,
				1.967,
				4,
				1,
				2.233,
				4,
				2.5,
				0,
				2.767,
				0,
				0,
				2.8,
				0
			]
		},
		{
			"Target": "Parameter",
			"Id": "PARAM_EYE_L_OPEN",
			"Segments": [
				0,
				0.75,
				1,
				0.078,
				0.75,
				0.156,
				0,
				0.233,
				0,
				1,
				0.878,
				0,
				1.522,
				0,
				2.167,
				0,
				1,
				2.233,
				0,
				2.3,
				0.75,
				2.367,
				0.75,
				1,
				2.5,
				0.75,
				2.633,
				0.75,
				2.767,
				0.75,
				0,
				2.8,
				0.75
			]
		},
		{
			"Target": "Parameter",
			"Id": "PARAM_EYE_R_OPEN",
			"Segments": [
				0,
				0.75,
				1,
				0.078,
				0.75,
				0.156,
				0,
				0.233,
				0,
				1,
				0.878,
				0,
				1.522,
				0,
				2.167,
				0,
				1,
				2.233,
				0,
				2.3,
				0.75,
				2.367,
				0.75,
				1,
				2.5,
				0.75,
				2.633,
				0.75,
				2.767,
				0.75,
				0,
				2.8,
				0.75
			]
		},
		{
			"Target": "Parameter",
			"Id": "PARAM_EYE_BALL_X",
			"Segments": [
				0,
				0,
				1,
				0.922,
				0,
				1.844,
				0,
				2.767,
				0,
				0,
				2.8,
				0
			]
		},
		{
			"Target": "Parameter",
			"Id": "PARAM_EYE_BALL_Y",
			"Segments": [
				0,
				0,
				1,
				0.922,
				0,
				1.844,
				0,
				2.767,
				0,
				0,
				2.8,
				0
			]
		},
		{
			"Target": "Parameter",
			"Id": "PARAM_EYE_FORM",
			"Segments": [
				0,
				-0.5,
				1,
				0.133,
				-0.5,
				0.267,
				-0.5,
				0.4,
				-0.5,
				1,
				1.189,
				-0.5,
				1.978,
				-0.5,
				2.767,
				-0.5,
				0,
				2.8,
				-0.5
			]
		},
		{
			"Target": "Parameter",
			"Id": "PARAM_MOUTH_FORM",
			"Segments": [
				0,
				1,
				1,
				0.133,
				1,
				0.267,
				0,
				0.4,
				0,
				1,
				0.511,
				0,
				0.622,
				1.3,
				0.733,
				1.3,
				1,
				0.922,
				1.3,
				1.111,
				0,
				1.3,
				0,
				1,
				1.556,
				0,
				1.811,
				1.3,
				2.067,
				1.3,
				1,
				2.3,
				1.3,
				2.533,
				1,
				2.767,
				1,
				0,
				2.8,
				1
			]
		},
		{
			"Target": "Parameter",
			"Id": "PARAM_MOUTH_OPEN_Y",
			"Segments": [
				0,
				0,
				1,
				0.133,
				0,
				0.267,
				0.5,
				0.4,
				0.5,
				1,
				0.511,
				0.5,
				0.622,
				0.34,
				0.733,
				0.34,
				1,
				0.922,
				0.34,
				1.111,
				0.5,
				1.3,
				0.5,
				1,
				1.556,
				0.5,
				1.811,
				0.487,
				2.067,
				0.34,
				1,
				2.3,
				0.206,
				2.533,
				0,
				2.767,
				0,
				0,
				2.8,
				0
			]
		},
		{
			"Target": "Parameter",
			"Id": "PARAM_TONGUE",
			"Segments": [
				0,
				0,
				1,
				0.133,
				0,
				0.267,
				1,
				0.4,
				1,
				1,
				0.511,
				1,
				0.622,
				0.46,
				0.733,
				0.46,
				1,
				0.922,
				0.46,
				1.111,
				1,
				1.3,
				1,
				1,
				1.556,
				1,
				1.811,
				0.808,
				2.067,
				0.46,
				1,
				2.3,
				0.142,
				2.533,
				0,
				2.767,
				0,
				0,
				2.8,
				0
			]
		},
		{
			"Target": "Parameter",
			"Id": "PARAM_EAR_R",
			"Segments": [
				0,
				0,
				1,
				0.122,
				0,
				0.244,
				-1,
				0.367,
				-1,
				1,
				0.7,
				-1,
				1.033,
				-0.15,
				1.367,
				-0.15,
				1,
				1.578,
				-0.15,
				1.789,
				-1,
				2,
				-1,
				1,
				2.256,
				-1,
				2.511,
				0,
				2.767,
				0,
				0,
				2.8,
				0
			]
		},
		{
			"Target": "Parameter",
			"Id": "PARAM_EAR_R_MOVE",
			"Segments": [
				0,
				0,
				1,
				0.922,
				0,
				1.844,
				0,
				2.767,
				0,
				0,
				2.8,
				0
			]
		},
		{
			"Target": "Parameter",
			"Id": "PARAM_EAR_L",
			"Segments": [
				0,
				0,
				1,
				0.122,
				0,
				0.244,
				-1,
				0.367,
				-1,
				1,
				0.7,
				-1,
				1.033,
				-0.12,
				1.367,
				-0.12,
				1,
				1.578,
				-0.12,
				1.789,
				-1,
				2,
				-1,
				1,
				2.256,
				-1,
				2.511,
				0,
				2.767,
				0,
				0,
				2.8,
				0
			]
		},
		{
			"Target": "Parameter",
			"Id": "PARAM_BODY_ANGLE_X",
			"Segments": [
				0,
				0,
				1,
				0.133,
				0,
				0.267,
				-4,
				0.4,
				-4,
				1,
				0.511,
				-4,
				0.622,
				-2,
				0.733,
				-2,
				1,
				0.9,
				-2,
				1.067,
				-4,
				1.233,
				-4,
				1,
				1.467,
				-4,
				1.7,
				1,
				1.933,
				1,
				1,
				2.211,
				1,
				2.489,
				0,
				2.767,
				0,
				0,
				2.8,
				0
			]
		},
		{
			"Target": "Parameter",
			"Id": "PARAM_BODY_ANGLE_Y",
			"Segments": [
				0,
				0,
				1,
				0.133,
				0,
				0.267,
				-6,
				0.4,
				-6,
				1,
				0.511,
				-6,
				0.622,
				-4,
				0.733,
				-4,
				1,
				0.9,
				-4,
				1.067,
				-6,
				1.233,
				-6,
				1,
				1.467,
				-6,
				1.7,
				10,
				1.933,
				10,
				1,
				2.211,
				10,
				2.489,
				0,
				2.767,
				0,
				0,
				2.8,
				0
			]
		},
		{
			"Target": "Parameter",
			"Id": "PARAM_BIG_FACE",
			"Segments": [
				0,
				0,
				1,
				0.144,
				0,
				0.289,
				0.79,
				0.433,
				0.79,
				1,
				0.522,
				0.79,
				0.611,
				0.79,
				0.7,
				0.79,
				1,
				0.878,
				0.79,
				1.056,
				0.79,
				1.233,
				0.79,
				1,
				1.489,
				0.79,
				1.744,
				0.745,
				2,
				0.5,
				1,
				2.256,
				0.255,
				2.511,
				0,
				2.767,
				0,
				0,
				2.8,
				0
			]
		},
		{
			"Target": "Parameter",
			"Id": "PARAM_BODY",
			"Segments": [
				0,
				1,
				1,
				0.922,
				1,
				1.844,
				1,
				2.767,
				1,
				0,
				2.8,
				1
			]
		},
		{
			"Target": "Parameter",
			"Id": "PARAM_BREATH",
			"Segments": [
				0,
				0,
				1,
				0.133,
				0,
				0.267,
				1,
				0.4,
				1,
				1,
				0.633,
				1,
				0.867,
				0,
				1.1,
				0,
				1,
				1.333,
				0,
				1.567,
				1,
				1.8,
				1,
				1,
				2.122,
				1,
				2.444,
				0,
				2.767,
				0,
				0,
				2.8,
				0
			]
		},
		{
			"Target": "Parameter",
			"Id": "PARAM_BLOW_R",
			"Segments": [
				0,
				0,
				1,
				0.922,
				0,
				1.844,
				0,
				2.767,
				0,
				0,
				2.8,
				0
			]
		},
		{
			"Target": "Parameter",
			"Id": "PARAM_BLOW_L",
			"Segments": [
				0,
				0,
				1,
				0.922,
				0,
				1.844,
				0,
				2.767,
				0,
				0,
				2.8,
				0
			]
		},
		{
			"Target": "Parameter",
			"Id": "PARAM_TAIL",
			"Segments": [
				0,
				0,
				1,
				0.133,
				0,
				0.267,
				0.09,
				0.4,
				0.09,
				1,
				0.611,
				0.09,
				0.822,
				0,
				1.033,
				0,
				1,
				1.3,
				0,
				1.567,
				0.19,
				1.833,
				0.19,
				1,
				2.144,
				0.19,
				2.456,
				0,
				2.767,
				0,
				0,
				2.8,
				0
			]
		},
		{
			"Target": "Parameter",
			"Id": "PARAM_TAIL_ANGRY",
			"Segments": [
				0,
				0,
				1,
				0.922,
				0,
				1.844,
				0,
				2.767,
				0,
				0,
				2.8,
				0
			]
		},
		{
			"Target": "Parameter",
			"Id": "PARAM_MUSTACHE_FRONT_R",
			"Segments": [
				0,
				0,
				1,
				0.922,
				0,
				1.844,
				0,
				2.767,
				0,
				0,
				2.8,
				0
			]
		},
		{
			"Target": "Parameter",
			"Id": "PARAM_MUSTACHE_FRONT_L",
			"Segments": [
				0,
				0,
				1,
				0.922,
				0,
				1.844,
				0,
				2.767,
				0,
				0,
				2.8,
				0
			]
		},
		{
			"Target": "Parameter",
			"Id": "PARAM_HAND_R",
			"Segments": [
				0,
				0,
				1,
				0.922,
				0,
				1.844,
				0,
				2.767,
				0,
				0,
				2.8,
				0
			]
		},
		{
			"Target": "Parameter",
			"Id": "PARAM_HAND_L",
			"Segments": [
				0,
				0,
				1,
				0.922,
				0,
				1.844,
				0,
				2.767,
				0,
				0,
				2.8,
				0
			]
		},
		{
			"Target": "Parameter",
			"Id": "PARAM_ARM_L",
			"Segments": [
				0,
				0,
				1,
				0.144,
				0,
				0.289,
				-0.45,
				0.433,
				-0.45,
				1,
				0.522,
				-0.45,
				0.611,
				-0.39,
				0.7,
				-0.39,
				1,
				0.956,
				-0.39,
				1.211,
				-0.7,
				1.467,
				-0.7,
				1,
				1.6,
				-0.7,
				1.733,
				0,
				1.867,
				0,
				1,
				2.167,
				0,
				2.467,
				0,
				2.767,
				0,
				0,
				2.8,
				0
			]
		},
		{
			"Target": "Parameter",
			"Id": "PARAM_HAND_L_MOVE",
			"Segments": [
				0,
				0,
				1,
				0.167,
				0,
				0.333,
				0,
				0.5,
				0,
				1,
				1.256,
				0,
				2.011,
				0,
				2.767,
				0,
				0,
				2.8,
				0
			]
		},
		{
			"Target": "PartOpacity",
			"Id": "PARTS_01_ARM_R",
			"Segments": [
				0,
				0,
				0,
				2.8,
				0
			]
		},
		{
			"Target": "PartOpacity",
			"Id": "PARTS_01_ARM_L",
			"Segments": [
				0,
				0,
				0,
				2.8,
				0
			]
		},
		{
			"Target": "PartOpacity",
			"Id": "PARTS_01_ARM_R_02",
			"Segments": [
				0,
				1,
				0,
				2.8,
				1
			]
		},
		{
			"Target": "PartOpacity",
			"Id": "PARTS_01_ARM_L_02",
			"Segments": [
				0,
				1,
				0,
				2.8,
				1
			]
		}
	]
}