{
	"Version": 3,
	"Meta": {
		"Duration": 4.07,
		"Fps": 30.0,
		"FadeInTime": 1.0,
		"FadeOutTime": 1.0,
		"Loop": true,
		"AreBeziersRestricted": true,
		"CurveCount": 32,
		"TotalSegmentCount": 124,
		"TotalPointCount": 342,
		"UserDataCount": 0,
		"TotalUserDataSize": 0
	},
	"Curves": [
		{
			"Target": "Parameter",
			"Id": "PARAM_ANGLE_X",
			"Segments": [
				0,
				0,
				1,
				0.178,
				0,
				0.356,
				-0.757,
				0.533,
				-4,
				1,
				0.656,
				-6.23,
				0.778,
				-9,
				0.9,
				-9,
				1,
				1.022,
				-9,
				1.144,
				-3.605,
				1.267,
				-1,
				1,
				1.4,
				1.841,
				1.533,
				2.2,
				1.667,
				5,
				1,
				1.767,
				7.1,
				1.867,
				13,
				1.967,
				13,
				1,
				2.111,
				13,
				2.256,
				11.03,
				2.4,
				8,
				1,
				2.667,
				2.407,
				2.933,
				0,
				3.2,
				0,
				1,
				3.478,
				0,
				3.756,
				0,
				4.033,
				0,
				0,
				4.067,
				0
			]
		},
		{
			"Target": "Parameter",
			"Id": "PARAM_ANGLE_Y",
			"Segments": [
				0,
				0,
				1,
				0.178,
				0,
				0.356,
				-14,
				0.533,
				-14,
				1,
				0.656,
				-14,
				0.778,
				-12.948,
				0.9,
				-1,
				1,
				1.022,
				10.948,
				1.144,
				30,
				1.267,
				30,
				1,
				1.4,
				30,
				1.533,
				30,
				1.667,
				30,
				1,
				1.767,
				30,
				1.867,
				27.537,
				1.967,
				18,
				1,
				2.111,
				4.225,
				2.256,
				-6,
				2.4,
				-6,
				1,
				2.667,
				-6,
				2.933,
				0,
				3.2,
				0,
				1,
				3.478,
				0,
				3.756,
				0,
				4.033,
				0,
				0,
				4.067,
				0
			]
		},
		{
			"Target": "Parameter",
			"Id": "PARAM_ANGLE_Z",
			"Segments": [
				0,
				0,
				1,
				0.422,
				0,
				0.844,
				-1,
				1.267,
				-1,
				1,
				1.4,
				-1,
				1.533,
				6,
				1.667,
				6,
				1,
				2.178,
				6,
				2.689,
				0,
				3.2,
				0,
				1,
				3.478,
				0,
				3.756,
				0,
				4.033,
				0,
				0,
				4.067,
				0
			]
		},
		{
			"Target": "Parameter",
			"Id": "PARAM_EYE_L_OPEN",
			"Segments": [
				0,
				1,
				1,
				0.333,
				1,
				0.667,
				1,
				1,
				1,
				1,
				1.089,
				1,
				1.178,
				0,
				1.267,
				0,
				1,
				1.756,
				0,
				2.244,
				0,
				2.733,
				0,
				1,
				2.889,
				0,
				3.044,
				1,
				3.2,
				1,
				1,
				3.478,
				1,
				3.756,
				1,
				4.033,
				1,
				0,
				4.067,
				1
			]
		},
		{
			"Target": "Parameter",
			"Id": "PARAM_EYE_R_OPEN",
			"Segments": [
				0,
				1,
				1,
				0.333,
				1,
				0.667,
				1,
				1,
				1,
				1,
				1.089,
				1,
				1.178,
				0,
				1.267,
				0,
				1,
				1.756,
				0,
				2.244,
				0,
				2.733,
				0,
				1,
				2.889,
				0,
				3.044,
				1,
				3.2,
				1,
				1,
				3.478,
				1,
				3.756,
				1,
				4.033,
				1,
				0,
				4.067,
				1
			]
		},
		{
			"Target": "Parameter",
			"Id": "PARAM_EYE_BALL_X",
			"Segments": [
				0,
				0,
				1,
				0.222,
				0,
				0.444,
				0.83,
				0.667,
				0.83,
				1,
				0.867,
				0.83,
				1.067,
				0,
				1.267,
				0,
				1,
				1.756,
				0,
				2.244,
				0,
				2.733,
				0,
				1,
				3.167,
				0,
				3.6,
				0,
				4.033,
				0,
				0,
				4.067,
				0
			]
		},
		{
			"Target": "Parameter",
			"Id": "PARAM_EYE_BALL_Y",
			"Segments": [
				0,
				0,
				1,
				0.222,
				0,
				0.444,
				1,
				0.667,
				1,
				1,
				0.867,
				1,
				1.067,
				1,
				1.267,
				1,
				1,
				1.756,
				1,
				2.244,
				0,
				2.733,
				0,
				1,
				3.167,
				0,
				3.6,
				0,
				4.033,
				0,
				0,
				4.067,
				0
			]
		},
		{
			"Target": "Parameter",
			"Id": "PARAM_EYE_FORM",
			"Segments": [
				0,
				0,
				1,
				1.344,
				0,
				2.689,
				0,
				4.033,
				0,
				0,
				4.067,
				0
			]
		},
		{
			"Target": "Parameter",
			"Id": "PARAM_MOUTH_FORM",
			"Segments": [
				0,
				0,
				1,
				0.222,
				0,
				0.444,
				0,
				0.667,
				0,
				1,
				0.867,
				0,
				1.067,
				0,
				1.267,
				0,
				1,
				1.756,
				0,
				2.244,
				0,
				2.733,
				0,
				1,
				2.878,
				0,
				3.022,
				0,
				3.167,
				0,
				1,
				3.456,
				0,
				3.744,
				0,
				4.033,
				0,
				0,
				4.067,
				0
			]
		},
		{
			"Target": "Parameter",
			"Id": "PARAM_MOUTH_OPEN_Y",
			"Segments": [
				0,
				0,
				1,
				0.222,
				0,
				0.444,
				0,
				0.667,
				0,
				1,
				0.867,
				0,
				1.067,
				1,
				1.267,
				1,
				1,
				1.756,
				1,
				2.244,
				1,
				2.733,
				1,
				1,
				2.878,
				1,
				3.022,
				0,
				3.167,
				0,
				1,
				3.456,
				0,
				3.744,
				0,
				4.033,
				0,
				0,
				4.067,
				0
			]
		},
		{
			"Target": "Parameter",
			"Id": "PARAM_TONGUE",
			"Segments": [
				0,
				0,
				1,
				0.222,
				0,
				0.444,
				0,
				0.667,
				0,
				1,
				0.867,
				0,
				1.067,
				0.555,
				1.267,
				0.69,
				1,
				1.444,
				0.81,
				1.622,
				0.79,
				1.8,
				0.79,
				1,
				2.111,
				0.79,
				2.422,
				0.785,
				2.733,
				0.69,
				1,
				2.878,
				0.646,
				3.022,
				0,
				3.167,
				0,
				1,
				3.456,
				0,
				3.744,
				0,
				4.033,
				0,
				0,
				4.067,
				0
			]
		},
		{
			"Target": "Parameter",
			"Id": "PARAM_EAR_R",
			"Segments": [
				0,
				1,
				1,
				1.044,
				1,
				2.089,
				1,
				3.133,
				1,
				1,
				3.189,
				1,
				3.244,
				-1,
				3.3,
				-1,
				1,
				3.356,
				-1,
				3.411,
				1,
				3.467,
				1,
				1,
				3.656,
				1,
				3.844,
				1,
				4.033,
				1,
				0,
				4.067,
				1
			]
		},
		{
			"Target": "Parameter",
			"Id": "PARAM_EAR_R_MOVE",
			"Segments": [
				0,
				0,
				1,
				1.344,
				0,
				2.689,
				0,
				4.033,
				0,
				0,
				4.067,
				0
			]
		},
		{
			"Target": "Parameter",
			"Id": "PARAM_EAR_L",
			"Segments": [
				0,
				1,
				1,
				1.344,
				1,
				2.689,
				1,
				4.033,
				1,
				0,
				4.067,
				1
			]
		},
		{
			"Target": "Parameter",
			"Id": "PARAM_BODY_ANGLE_X",
			"Segments": [
				0,
				0,
				1,
				0.178,
				0,
				0.356,
				-5,
				0.533,
				-5,
				1,
				0.656,
				-5,
				0.778,
				-4.887,
				0.9,
				-4,
				1,
				1.022,
				-3.113,
				1.144,
				-0.823,
				1.267,
				0,
				1,
				1.4,
				0.898,
				1.533,
				1.254,
				1.667,
				2,
				1,
				1.767,
				2.56,
				1.867,
				3,
				1.967,
				3,
				1,
				2.111,
				3,
				2.256,
				1.589,
				2.4,
				1,
				1,
				2.622,
				0.094,
				2.844,
				0,
				3.067,
				0,
				1,
				3.389,
				0,
				3.711,
				0,
				4.033,
				0,
				0,
				4.067,
				0
			]
		},
		{
			"Target": "Parameter",
			"Id": "PARAM_BODY_ANGLE_Y",
			"Segments": [
				0,
				0,
				1,
				0.178,
				0,
				0.356,
				-8,
				0.533,
				-8,
				1,
				0.656,
				-8,
				0.778,
				-7.566,
				0.9,
				-5,
				1,
				1.022,
				-2.434,
				1.144,
				1.127,
				1.267,
				6,
				1,
				1.4,
				11.316,
				1.533,
				18,
				1.667,
				18,
				1,
				1.767,
				18,
				1.867,
				12.78,
				1.967,
				7,
				1,
				2.111,
				-1.348,
				2.256,
				-4,
				2.4,
				-4,
				1,
				2.622,
				-4,
				2.844,
				0,
				3.067,
				0,
				1,
				3.389,
				0,
				3.711,
				0,
				4.033,
				0,
				0,
				4.067,
				0
			]
		},
		{
			"Target": "Parameter",
			"Id": "PARAM_BIG_FACE",
			"Segments": [
				0,
				0,
				1,
				1.344,
				0,
				2.689,
				0,
				4.033,
				0,
				0,
				4.067,
				0
			]
		},
		{
			"Target": "Parameter",
			"Id": "PARAM_BODY",
			"Segments": [
				0,
				1,
				1,
				1.344,
				1,
				2.689,
				1,
				4.033,
				1,
				0,
				4.067,
				1
			]
		},
		{
			"Target": "Parameter",
			"Id": "PARAM_BREATH",
			"Segments": [
				0,
				0,
				1,
				0.256,
				0,
				0.511,
				1,
				0.767,
				1,
				1,
				1.011,
				1,
				1.256,
				0,
				1.5,
				0,
				1,
				1.8,
				0,
				2.1,
				1,
				2.4,
				1,
				1,
				2.667,
				1,
				2.933,
				0,
				3.2,
				0,
				1,
				3.489,
				0,
				3.778,
				0.927,
				4.067,
				0.996
			]
		},
		{
			"Target": "Parameter",
			"Id": "PARAM_BLOW_R",
			"Segments": [
				0,
				0,
				1,
				1.344,
				0,
				2.689,
				0,
				4.033,
				0,
				0,
				4.067,
				0
			]
		},
		{
			"Target": "Parameter",
			"Id": "PARAM_BLOW_L",
			"Segments": [
				0,
				0,
				1,
				1.344,
				0,
				2.689,
				0,
				4.033,
				0,
				0,
				4.067,
				0
			]
		},
		{
			"Target": "Parameter",
			"Id": "PARAM_TAIL",
			"Segments": [
				0,
				0,
				1,
				1.344,
				0,
				2.689,
				0,
				4.033,
				0,
				0,
				4.067,
				0
			]
		},
		{
			"Target": "Parameter",
			"Id": "PARAM_TAIL_ANGRY",
			"Segments": [
				0,
				0,
				1,
				1.344,
				0,
				2.689,
				0,
				4.033,
				0,
				0,
				4.067,
				0
			]
		},
		{
			"Target": "Parameter",
			"Id": "PARAM_MUSTACHE_FRONT_R",
			"Segments": [
				0,
				0,
				1,
				1.344,
				0,
				2.689,
				0,
				4.033,
				0,
				0,
				4.067,
				0
			]
		},
		{
			"Target": "Parameter",
			"Id": "PARAM_MUSTACHE_FRONT_L",
			"Segments": [
				0,
				0,
				1,
				1.344,
				0,
				2.689,
				0,
				4.033,
				0,
				0,
				4.067,
				0
			]
		},
		{
			"Target": "Parameter",
			"Id": "PARAM_HAND_R",
			"Segments": [
				0,
				0,
				1,
				1.344,
				0,
				2.689,
				0,
				4.033,
				0,
				0,
				4.067,
				0
			]
		},
		{
			"Target": "Parameter",
			"Id": "PARAM_HAND_L",
			"Segments": [
				0,
				0,
				1,
				1.344,
				0,
				2.689,
				0,
				4.033,
				0,
				0,
				4.067,
				0
			]
		},
		{
			"Target": "Parameter",
			"Id": "PARAM_ARM_L",
			"Segments": [
				0,
				0,
				1,
				1.344,
				0,
				2.689,
				0,
				4.033,
				0,
				0,
				4.067,
				0
			]
		},
		{
			"Target": "PartOpacity",
			"Id": "PARTS_01_ARM_R",
			"Segments": [
				0,
				0,
				0,
				4.07,
				0
			]
		},
		{
			"Target": "PartOpacity",
			"Id": "PARTS_01_ARM_L",
			"Segments": [
				0,
				0,
				0,
				4.07,
				0
			]
		},
		{
			"Target": "PartOpacity",
			"Id": "PARTS_01_ARM_R_02",
			"Segments": [
				0,
				1,
				0,
				4.07,
				1
			]
		},
		{
			"Target": "PartOpacity",
			"Id": "PARTS_01_ARM_L_02",
			"Segments": [
				0,
				1,
				0,
				4.07,
				1
			]
		}
	]
}