﻿{"cameraMode":{"drawMode":0,"name":"Shaded","section":"Shading Mode"},"sceneLighting":true,"audioPlay":false,"sceneViewState":{"m_AlwaysRefresh":false,"showFog":true,"showSkybox":true,"showFlares":true,"showImageEffects":true,"showParticleSystems":true,"showVisualEffectGraphs":true,"m_FxEnabled":true},"in2DMode":false,"pivot":{"x":2.0513648986816408,"y":-0.3893122673034668,"z":-2.6643638610839845},"rotation":{"x":0.005742993205785751,"y":-0.9892114400863648,"z":0.1407228708267212,"w":0.04037458822131157},"size":10.0,"orthographic":false}