{
	"Version": 3,
	"Parameters": [
		{
			"Id": "PARAM_ANGLE_X",
			"GroupId": "",
			"Name": "角度 X"
		},
		{
			"Id": "PARAM_ANGLE_Y",
			"GroupId": "",
			"Name": "角度 Y"
		},
		{
			"Id": "PARAM_ANGLE_Z",
			"GroupId": "",
			"Name": "角度 Z"
		},
		{
			"Id": "PARAM_EYE_L_OPEN",
			"GroupId": "",
			"Name": "左眼　開閉"
		},
		{
			"Id": "PARAM_EYE_R_OPEN",
			"GroupId": "",
			"Name": "右眼　開閉"
		},
		{
			"Id": "PARAM_EYE_BALL_X",
			"GroupId": "",
			"Name": "目玉 X"
		},
		{
			"Id": "PARAM_EYE_BALL_Y",
			"GroupId": "",
			"Name": "目玉 Y"
		},
		{
			"Id": "PARAM_EYE_FORM",
			"GroupId": "",
			"Name": "目玉　変形"
		},
		{
			"Id": "PARAM_MOUTH_FORM",
			"GroupId": "",
			"Name": "舌　変形"
		},
		{
			"Id": "PARAM_MOUTH_OPEN_Y",
			"GroupId": "",
			"Name": "口　開閉"
		},
		{
			"Id": "PARAM_TONGUE",
			"GroupId": "",
			"Name": "舌　上下"
		},
		{
			"Id": "PARAM_EAR_R",
			"GroupId": "",
			"Name": "右耳"
		},
		{
			"Id": "PARAM_EAR_R_MOVE",
			"GroupId": "",
			"Name": "右耳_2"
		},
		{
			"Id": "PARAM_EAR_L",
			"GroupId": "",
			"Name": "左耳"
		},
		{
			"Id": "PARAM_BODY_ANGLE_X",
			"GroupId": "",
			"Name": "体の回転　X"
		},
		{
			"Id": "PARAM_BODY_ANGLE_Y",
			"GroupId": "",
			"Name": "体の回転　Y"
		},
		{
			"Id": "PARAM_BIG_FACE",
			"GroupId": "",
			"Name": "顔の拡大"
		},
		{
			"Id": "PARAM_BODY",
			"GroupId": "",
			"Name": "胸の上下"
		},
		{
			"Id": "PARAM_BREATH",
			"GroupId": "",
			"Name": "呼吸"
		},
		{
			"Id": "PARAM_BLOW_R",
			"GroupId": "",
			"Name": "右眉毛揺れ"
		},
		{
			"Id": "PARAM_BLOW_L",
			"GroupId": "",
			"Name": "左眉毛揺れ"
		},
		{
			"Id": "PARAM_TAIL",
			"GroupId": "",
			"Name": "しっぽ揺れ"
		},
		{
			"Id": "PARAM_TAIL_ANGRY",
			"GroupId": "",
			"Name": "しっぽ怒る"
		},
		{
			"Id": "PARAM_MUSTACHE_FRONT_R",
			"GroupId": "",
			"Name": "ヒゲ揺れ右"
		},
		{
			"Id": "PARAM_MUSTACHE_FRONT_L",
			"GroupId": "",
			"Name": "ヒゲ揺れ左"
		},
		{
			"Id": "PARAM_HAND_R",
			"GroupId": "",
			"Name": "右手"
		},
		{
			"Id": "PARAM_HAND_L",
			"GroupId": "",
			"Name": "左手"
		},
		{
			"Id": "PARAM_ARM_L",
			"GroupId": "",
			"Name": "左腕の動き"
		},
		{
			"Id": "PARAM_HAND_L_MOVE",
			"GroupId": "",
			"Name": "左手の動き"
		},
		{
			"Id": "PARAM_ARM_R_MOVE",
			"GroupId": "",
			"Name": "右腕の動き"
		},
		{
			"Id": "ARM_R_MOVE_02",
			"GroupId": "",
			"Name": "右腕の動き"
		}
	],
	"ParameterGroups": [],
	"Parts": [
		{
			"Id": "PARTS_01_SKETCH",
			"Name": "[ 下絵 ]"
		},
		{
			"Id": "PARTS_01_BACKGROUND",
			"Name": "背景"
		},
		{
			"Id": "PARTS_01_TAIL",
			"Name": "しっぽ"
		},
		{
			"Id": "PARTS_01_BODY",
			"Name": "体"
		},
		{
			"Id": "PARTS_01_ARM_L_02",
			"Name": "左腕_02"
		},
		{
			"Id": "PARTS_01_ARM_R_02",
			"Name": "右腕_02"
		},
		{
			"Id": "PARTS_01_ARM_L",
			"Name": "左腕"
		},
		{
			"Id": "PARTS_01_ARM_R",
			"Name": "右腕"
		},
		{
			"Id": "PARTS_01_CHEST",
			"Name": "胸"
		},
		{
			"Id": "PARTS_01_EAR_001",
			"Name": "耳"
		},
		{
			"Id": "PARTS_01_NOSE_001",
			"Name": "鼻"
		},
		{
			"Id": "PARTS_01_MOUTH_001",
			"Name": "口"
		},
		{
			"Id": "PARTS_01_BROW_001",
			"Name": "まゆ毛"
		},
		{
			"Id": "PARTS_01_EYE_BALL_001",
			"Name": "目玉"
		},
		{
			"Id": "PARTS_01_EYE_001",
			"Name": "目"
		},
		{
			"Id": "PARTS_01_FACE_001",
			"Name": "顔"
		},
		{
			"Id": "PARTS_01_CORE_001",
			"Name": "コアパーツ"
		},
		{
			"Id": "ROUGH",
			"Name": "ラフ"
		}
	]
}